light,ax,ay,az,gx,gy,gz,label
2328,0.0219,-0.0079,1.0065,-0.2441,0.1221,-0.1221,brightshaky
2327,0.0222,-0.0083,1.007,-0.2441,0.061,-0.1831,brightshaky
2326,0.0216,-0.0083,1.0072,-0.3052,0.1831,-0.1831,brightshaky
2325,0.0226,-0.0083,1.0073,-0.3052,0.2441,-0.061,brightshaky
2325,0.0219,-0.0079,1.0067,-0.2441,0.2441,-0.061,brightshaky
2316,-0.0234,-0.0107,1.0033,-1.0986,-1.4038,-32.2266,brightshaky
2338,-0.1133,0.0123,1.0099,1.8311,5.9204,89.9048,brightshaky
2297,0.0883,-0.0481,1.0236,3.0518,15.8691,76.5381,brightshaky
2284,0.1071,-0.0216,1.0309,-1.2207,-13.0615,29.0527,brightshaky
2232,0.0476,-0.0771,1.0057,-1.4648,-5.127,-17.395,brightshaky
2209,0.0502,-0.0145,1.0084,-1.2207,-0.3052,-0.9766,brightshaky
2231,0.0464,-0.0051,0.9994,0.3662,0.3052,12.7563,brightshaky
2209,0.0609,-0.0197,1.0106,-1.4648,-1.1597,-19.165,brightshaky
2232,0.0487,-0.0167,1.0083,-0.6104,-9.8267,2.0142,brightshaky
2226,0.0557,-0.0112,0.9979,-0.3052,0.3052,-0.1831,brightshaky
2220,0.0565,-0.0107,1.0023,-0.6104,-1.4648,-5.3711,brightshaky
2237,0.0433,-0.0065,1.0062,0.1221,1.8921,12.207,brightshaky
2226,0.0787,0.0042,0.9999,-0.3052,-0.8545,-2.0752,brightshaky
2242,0.0394,-0.0066,1.0087,-0.1831,0.7324,5.9814,brightshaky
2223,0.0601,-0.0225,1.0134,-1.2817,-4.8828,-18.4937,brightshaky
2244,0.0912,-0.0229,1.006,0.9155,2.6245,20.2637,brightshaky
2224,0.0671,-0.025,1.0015,-2.1973,-4.6387,-36.5601,brightshaky
2243,0.0275,0.0007,1.0094,1.0986,3.1128,30.7007,brightshaky
2222,0.0116,-0.0065,1.0151,-1.4038,-3.0518,-24.9023,brightshaky
2245,0.0951,-0.0354,1.0245,0.3662,-0.3052,15.2588,brightshaky
2220,0.0276,-0.0028,1.0248,-0.3052,8.728,-2.2583,brightshaky
2238,0.0463,-0.0104,0.999,-0.1831,-0.1221,-0.061,brightshaky
2239,0.0344,-0.0159,1.0151,-0.5493,-0.3662,-0.7935,brightshaky
2236,0.0361,-0.0093,1.0057,-0.1831,-1.8921,0.5493,brightshaky
2239,0.05,-0.012,1.0087,-0.3052,-0.4272,0.4272,brightshaky
2225,0.068,-0.016,0.9978,-0.5493,0.1831,-5.4932,brightshaky
2228,0.0468,-0.0095,1.0052,-0.2441,-0.7324,-0.061,brightshaky
2218,0.056,-0.0131,1.0021,-0.4883,-0.1221,-3.2349,brightshaky
2240,0.0355,-0.0046,1.0117,0.1221,2.4414,12.3901,brightshaky
2245,0.0529,-0.0063,1.007,0.061,0.061,11.1694,brightshaky
2229,0.0542,-0.0336,0.9991,-1.2817,-2.8687,-25.3906,brightshaky
2241,0.0455,-0.0133,0.9996,-0.4272,-6.0425,0.9155,brightshaky
2226,-0.001,0.0217,0.9819,-1.77,-0.6104,-29.8462,brightshaky
2224,0.056,-0.0173,1.0089,-0.5493,-0.8545,-5.9814,brightshaky
2241,0.0144,-0.0115,1.0134,0.4272,1.9531,12.3291,brightshaky
2245,0.0447,-0.0088,1.0061,-0.1831,0.3052,-0.1221,brightshaky
2240,0.0438,-0.0088,1.0083,-0.3052,0.061,-0.061,brightshaky
2197,0.0448,0.0347,1.0415,-4.2725,-2.8076,-84.5947,brightshaky
2202,0.0367,0.0205,1.005,1.5259,7.4463,34.0576,brightshaky
2169,0.0414,-0.0295,1.027,-2.5635,-8.3618,-41.2598,brightshaky
2193,0.0544,-0.0054,0.9968,0.061,-3.1128,2.7466,brightshaky
2199,0.0422,-0.007,1.0034,0.6714,3.1738,12.8784,brightshaky
2208,0.032,-0.0062,1.0106,0.3662,2.5024,9.3994,brightshaky
2204,0.0555,-0.0104,1.0011,0,-4.4556,0.061,brightshaky
2092,0.1206,0.0236,0.9916,0.3662,17.9443,-1.5259,brightshaky
2019,0.1349,-0.024,0.9963,-0.7935,-7.6294,2.6245,brightshaky
2114,0.0923,0.005,1.0176,0.7324,0.5493,11.7798,brightshaky
2081,0.1118,-0.015,0.9871,-2.6245,0.1831,-18.0664,brightshaky
2125,0.0681,0.0128,0.9988,4.0283,2.7466,49.2554,brightshaky
2099,0.1395,-0.0674,0.9847,-1.2207,-5.7983,0.8545,brightshaky
2105,0.0841,0.0105,1.0139,-1.0986,18.1885,-13.7329,brightshaky
2099,0.0957,-0.033,1.0055,0.3662,-2.1362,13.3667,brightshaky
2086,0.1396,-0.014,0.9824,-1.0376,-2.6855,-2.1973,brightshaky
2081,0.1023,-0.0355,1.0012,-1.0986,-6.2866,0.1831,brightshaky
2078,0.1071,-0.0258,0.9948,-0.7935,0.2441,-6.2256,brightshaky
2086,0.0958,-0.0089,1.0043,-0.3662,0.1221,-0.1831,brightshaky
2088,0.0924,-0.009,1.0068,-0.1221,1.2207,-0.1221,brightshaky
2087,0.101,-0.0092,0.9943,-0.4883,3.9062,-0.5493,brightshaky
2090,0.0989,-0.0139,1.0024,0,-6.3477,3.479,brightshaky
2101,0.0859,-0.0068,1.0149,-0.3052,0.8545,-2.1362,brightshaky
2090,0.09,-0.0134,1.0117,-0.2441,-5.9204,2.9297,brightshaky
2092,0.1007,-0.0029,0.9951,-0.2441,5.6763,-5.3711,brightshaky
2101,0.1042,-0.0308,1.0063,0.3052,-4.0283,13.4277,brightshaky
2095,0.0944,-0.0022,1.0062,-0.2441,5.127,-4.6387,brightshaky
2087,0.0953,-0.0098,1.0026,-0.3052,-1.0986,0.2441,brightshaky
2113,0.0936,-0.0037,0.9979,0.1221,0.9155,1.4038,brightshaky
2080,0.1355,-0.0018,0.9941,-3.9673,-2.3193,-38.0859,brightshaky
2100,0.0717,-0.0236,0.999,3.6621,3.8452,37.5977,brightshaky
2114,0.0933,-0.0089,1.0165,0.061,-1.9531,-1.5869,brightshaky
2116,0.0596,0.0042,1.0111,1.2207,1.8311,13.916,brightshaky
2096,0.1025,-0.0237,0.9998,-1.709,-4.1504,-11.4746,brightshaky
2092,0.1038,-0.0126,1.0001,-0.1831,-3.6621,0.6714,brightshaky
2112,0.0942,-0.0087,1.0059,0.3662,0.4272,6.8359,brightshaky
2116,0.0858,-0.0092,1.0114,-0.061,0.7935,-0.1831,brightshaky
2086,0.1105,-0.0135,0.9946,-1.3428,-2.4414,-11.8408,brightshaky
2119,0.0848,-0.0046,1.0013,0,-0.6714,3.6621,brightshaky
2089,0.0923,-0.0005,1.0042,-2.4414,-1.5259,-23.4985,brightshaky
2109,0.114,-0.0331,0.9984,1.1597,-0.061,17.6392,brightshaky
2097,0.0886,-0.0037,1.0107,-0.9155,5.6152,-8.4839,brightshaky
2079,0.0969,-0.0083,1.0004,-1.0986,1.2207,-9.2773,brightshaky
2102,0.1123,-0.04,1.0127,1.2207,-4.3945,18.7988,brightshaky
2081,0.0663,0.0321,0.9951,-3.479,-1.4648,-32.5317,brightshaky
2093,0.1008,-0.0195,0.9886,-0.061,-4.9438,0.1831,brightshaky
2110,0.0975,-0.0122,1.0039,0.3662,2.5024,5.8594,brightshaky
2085,0.1239,-0.0377,0.9972,-4.0283,-4.3945,-34.8511,brightshaky
2076,0.1287,-0.0177,0.9971,-2.8076,-2.1973,-28.1372,brightshaky
2094,0.11,-0.002,1.0017,0.3662,3.2959,4.9438,brightshaky
2075,0.0634,-0.0717,1.0099,-1.0986,4.1504,-11.9019,brightshaky
2052,0.0616,-0.0059,1.0066,-2.0142,-0.7935,-14.3433,brightshaky
2073,0.1055,-0.0066,0.9915,2.4414,4.6387,25.1465,brightshaky
2076,0.0957,-0.0142,1.0027,-0.2441,-0.3052,-1.2817,brightshaky
2057,0.1052,-0.0143,1.0067,-1.4648,0.2441,-9.8877,brightshaky
2079,0.1086,-0.0219,1.0157,1.1597,-1.4038,10.2539,brightshaky
2071,0.0985,-0.0096,1.0065,-0.6104,4.2114,-0.3662,brightshaky
2055,0.0979,-0.0104,1.0083,-0.1221,0.4883,1.0376,brightshaky
2075,0.1106,-0.0127,0.9913,1.709,0.7935,17.8223,brightshaky
2072,0.0977,-0.0095,1.0106,-0.4883,3.2349,-0.3662,brightshaky
2055,0.1051,-0.0117,0.9988,-1.4648,-0.1221,-12.5122,brightshaky
2056,0.1057,-0.0161,0.9967,-0.1831,-4.7607,2.7466,brightshaky
2089,0.1,-0.0054,0.9994,1.6479,2.4414,24.7803,brightshaky
2053,0.1176,-0.002,1.0256,-3.418,7.5073,-30.5176,brightshaky
1995,0.1257,-0.0115,1.0029,0.061,0,2.6245,brightshaky
2095,0.0739,-0.0233,1.0265,1.8311,-0.1831,21.3623,brightshaky
2033,0.0942,-0.0267,1.0094,-4.8218,18.5547,-41.2598,brightshaky
2043,0.111,0.0066,1.0128,-0.061,-0.3662,0.5493,brightshaky
2094,0.0857,-0.0018,1.0077,0.061,1.4038,3.6621,brightshaky
2055,0.1027,-0.0342,0.996,-2.8076,-0.7324,-26.1841,brightshaky
2054,0.1036,-0.0095,1.0038,-0.2441,-0.1221,-0.1831,brightshaky
2055,0.1056,-0.0085,0.9988,-0.1831,-0.8545,-0.061,brightshaky
2054,0.103,-0.0081,1.0027,-0.1831,-0.1221,0.3662,brightshaky
2052,0.1028,-0.0088,1.0029,-0.3052,1.3428,0,brightshaky
2064,0.1199,0.0095,1.0099,0.5493,-3.8452,10.7422,brightshaky
2085,0.0703,-0.0116,1.0017,0.8545,3.6621,8.7891,brightshaky
2060,0.1178,-0.0319,1.0181,-5.4932,-7.019,-47.8516,brightshaky
2062,0.0967,-0.0105,1.0017,-0.1221,-0.5493,1.77,brightshaky
2087,0.0955,-0.0021,1.0005,1.0376,1.8311,11.4746,brightshaky
2054,0.0963,-0.0042,1.0143,-0.2441,-4.5776,3.6011,brightshaky
2091,0.0553,0.0299,1.0077,3.2349,5.3101,40.7715,brightshaky
2087,0.1337,-0.0162,0.9888,-2.1973,-1.709,-16.4795,brightshaky
2049,0.0923,-0.0496,0.994,-4.9438,5.127,-49.0112,brightshaky
2039,0.0979,-0.0259,0.9941,-2.7466,-0.4272,-30.3955,brightshaky
2041,0.0989,-0.0093,1.0043,-0.3052,0.1221,-0.6104,brightshaky
2038,0.0997,-0.0107,0.9995,-0.3662,-0.9766,-1.8311,brightshaky
2060,0.0814,0.0143,1.0031,4.0894,3.9673,45.9595,brightshaky
2051,0.0808,-0.0508,0.9998,1.4038,11.4746,10.8032,brightshaky
2047,0.1091,-0.0103,1.0107,-0.7935,0.1221,-8.8501,brightshaky
2050,0.1346,-0.0154,0.9961,0.5493,0,7.5684,brightshaky
2042,0.1001,-0.0098,1.0084,-0.5493,2.1973,-0.6104,brightshaky
2026,0.0945,-0.0068,1.0029,-0.2441,0.4883,-1.2207,brightshaky
2046,0.0944,0.0015,1.0056,1.3428,0.8545,15.5029,brightshaky
2028,0.0615,-0.0068,0.998,-1.0376,2.5024,-8.2397,brightshaky
2042,0.1014,-0.0212,1.0078,0.1221,-3.54,5.9204,brightshaky
2063,0.0955,-0.0134,1.0078,1.3428,-0.7324,17.6392,brightshaky
2038,0.1141,-0.0162,1.0043,-1.77,-1.4038,-18.8599,brightshaky
2034,0.1052,-0.0121,0.9967,-0.3052,-1.77,0.4883,brightshaky
2060,0.095,-0.0247,1.007,0.5493,2.9907,5.7373,brightshaky
2045,0.1058,-0.0112,1.0015,-0.5493,-0.6104,-4.8218,brightshaky
2049,0.1072,-0.0077,0.9987,-0.2441,-1.4038,1.0986,brightshaky
2065,0.072,0.0001,1.0076,0.4272,1.4038,5.4321,brightshaky
2048,0.1199,-0.0062,1.0084,-1.0986,-2.6245,-8.606,brightshaky
2052,0.0974,-0.0067,1.0062,-0.061,-3.3569,2.0142,brightshaky
2067,0.0902,-0.005,1.0071,0.7935,0.4883,9.0942,brightshaky
2048,0.1019,-0.0197,1.0095,-2.0752,-0.6714,-14.0381,brightshaky
2058,0.1006,-0.0079,0.9954,0.1221,-3.6011,1.2207,brightshaky
2047,0.097,-0.0017,0.9988,-0.7935,10.437,-3.0518,brightshaky
2047,0.0999,-0.0144,0.9983,-1.1597,-0.8545,-6.4087,brightshaky
2083,0.0583,0.0007,1.007,0.6714,3.0518,9.5215,brightshaky
2063,0.0996,-0.0085,0.999,0.1221,-2.1362,0.7935,brightshaky
2062,0.0956,-0.0071,1.0127,-0.7324,2.8687,-0.8545,brightshaky
2056,0.1051,-0.0166,0.9982,-0.3052,-2.5024,-2.9907,brightshaky
2044,0.0983,-0.0076,1.004,-0.1831,0.5493,0.6714,brightshaky
2082,0.0934,-0.0052,0.9971,1.77,0.3662,23.9868,brightshaky
2075,0.0883,-0.0223,0.9967,-0.1831,-0.4883,-0.3052,brightshaky
2056,0.1229,0.0026,1.0018,-0.9155,-1.4648,-5.249,brightshaky
2059,0.0945,-0.0095,1.001,-0.4272,2.2583,-0.2441,brightshaky
2056,0.0952,-0.0096,1.0043,-0.3052,-0.1831,-0.2441,brightshaky
2076,0.1426,-0.0308,1.0116,1.5259,-1.6479,15.7471,brightshaky
2050,0.0597,0.0072,1.0024,-1.5259,10.498,-6.1646,brightshaky
2065,0.0912,-0.0092,1.0061,-0.1221,-2.0752,-0.1831,brightshaky
2060,0.0786,0.02,1.0233,-0.9155,8.1787,-2.5635,brightshaky
2032,0.0923,-0.0433,0.995,-2.1362,5.8594,-26.5503,brightshaky
2056,0.0957,-0.1398,0.9852,6.4697,1.709,67.3828,brightshaky
2054,0.0875,-0.0034,1.0155,-0.2441,4.1504,-1.0986,brightshaky
2041,0.0964,-0.0028,1.0126,-0.061,-3.9673,2.0752,brightshaky
2056,0.0891,-0.0083,1.0066,-0.2441,0.7324,-0.7324,brightshaky
2055,0.0992,-0.0209,0.9893,-0.5493,-0.9766,-1.5259,brightshaky
2060,0.0907,-0.0089,1.0035,-0.3052,-0.3052,-0.1831,brightshaky
2053,0.0936,-0.0094,1.002,-0.2441,1.2817,-0.1831,brightshaky
2063,0.1101,-0.0051,1.0023,2.3193,7.2021,24.7803,brightshaky
2046,0.0874,0.0071,0.9966,-1.2207,1.6479,-11.9629,brightshaky
2037,0.1011,-0.0183,0.9956,-0.2441,0.3662,2.6245,brightshaky
2071,0.0975,-0.012,1.0134,0.8545,-1.1597,9.8267,brightshaky
2049,0.1058,-0.0347,1.0127,-1.4038,-1.0986,-12.207,brightshaky
2069,0.0649,-0.0106,1.0072,0.9766,2.1973,10.1929,brightshaky
2047,0.1111,-0.0155,1.0029,-1.5259,-2.8687,-10.8643,brightshaky
2068,0.0791,0.0096,1.0018,0.6104,1.2817,7.6904,brightshaky
2035,0.1112,-0.0342,0.9987,-2.9297,-1.8921,-26.4893,brightshaky
2059,0.1257,0.094,1.0143,4.2114,-3.479,57.5561,brightshaky
2047,0.1045,-0.0024,1.0123,-5.9814,-1.9531,-65.2466,brightshaky
2073,0.1044,0.0084,0.9917,0.9155,-4.2725,13.977,brightshaky
2079,0.0679,-0.0261,1.0081,-0.061,0.7935,-0.3662,brightshaky
2048,0.1223,-0.0242,0.9969,-2.0752,-4.7607,-16.1133,brightshaky
2064,0.1127,-0.0219,1.0128,1.2817,-2.1362,13.916,brightshaky
2043,0.0958,-0.01,1.0114,-0.3662,5.188,-0.3052,brightshaky
2038,0.0986,-0.0078,1.0026,-0.1831,-2.9297,0.3052,brightshaky
2047,0.0939,-0.0101,1.004,-0.5493,1.2817,-3.1738,brightshaky
2052,0.095,-0.0134,1.0012,-0.1221,1.709,-1.4648,brightshaky
2035,0.1036,-0.006,0.996,0.061,-1.77,2.7466,brightshaky
2053,0.0774,-0.009,1.0018,-0.3052,2.7466,-1.8311,brightshaky
2028,0.1144,-0.0125,1.0042,-1.8921,-2.5024,-17.395,brightshaky
2047,0.1083,-0.0306,1.0094,0.3662,-6.8359,10.0098,brightshaky
2038,0.0929,-0.0056,1.0106,-0.7935,8.8501,-1.6479,brightshaky
2027,0.1062,-0.0129,0.9922,-0.2441,-0.6714,-0.5493,brightshaky
2048,0.0914,-0.0243,1.0054,1.3428,-0.6714,19.6533,brightshaky
2031,0.0765,0.0071,0.985,-1.0986,5.9204,-11.9019,brightshaky
2027,0.0968,-0.0071,1.0052,-0.2441,0.3052,0.9766,brightshaky
2042,0.0905,-0.0088,1.0027,-0.3052,1.2817,-0.1221,brightshaky
2026,0.0913,-0.0092,0.9983,-1.4648,-1.6479,-15.3809,brightshaky
2039,0.1125,0.0535,1.0071,4.2114,0.7324,52.7344,brightshaky
2022,0.1212,-0.0242,0.9948,-1.3428,-2.8687,-12.4512,brightshaky
2045,0.0757,-0.0055,0.9983,1.0376,4.8828,8.667,brightshaky
2040,0.0929,-0.0111,1.0083,-0.1831,1.2817,0.5493,brightshaky
2017,0.1191,-0.0117,1.0032,-1.5869,-2.1973,-13.1836,brightshaky
2036,0.1014,-0.0353,1.0208,0.5493,-11.0474,9.4604,brightshaky
2005,0.0463,-0.0684,1.0208,-4.5776,4.0283,-51.3916,brightshaky
2033,0.1047,-0.0419,1.0114,0.4883,-6.4697,12.8174,brightshaky
2009,0.0867,0.0369,1.0083,-4.2725,0.3052,-44.0063,brightshaky
2019,0.104,0.0413,1.0074,0.8545,-3.8452,11.7187,brightshaky
2032,0.0865,-0.0024,1.0094,-0.3662,4.3335,-4.0894,brightshaky
2031,0.0913,-0.0061,1.0044,-0.4272,-0.4272,-2.1973,brightshaky
2012,0.1151,-0.011,1.0076,-2.1973,-3.2959,-16.6016,brightshaky
2007,0.1008,-0.0156,0.9957,-0.7324,-0.9155,-3.54,brightshaky
2035,0.1119,-0.0272,0.9926,0.3662,-8.4839,4.6387,brightshaky
2038,0.0917,-0.0093,1.0074,-0.3052,1.4038,-0.1831,brightshaky
2022,0.1003,-0.0072,1.0056,-0.1831,-2.9907,-1.0986,brightshaky
2039,0.0751,-0.0261,1.0017,-0.1831,2.4414,-1.4038,brightshaky
2024,0.1313,0.012,1.0029,-0.4883,-2.1973,-1.5259,brightshaky
2029,0.1036,-0.0217,0.988,-0.1831,-1.9531,3.7231,brightshaky
2039,0.097,-0.0322,0.9823,1.3428,3.9673,17.9443,brightshaky
2008,0.0941,0.0161,0.9984,-1.1597,0.5493,-9.2773,brightshaky
2034,0.0604,-0.0519,0.9929,4.9438,6.5308,52.2461,brightshaky
2028,0.1085,-0.0044,1.0033,-2.3804,-2.1973,-27.2217,brightshaky
2043,0.0906,0.0312,1.0048,1.5259,4.0894,18.8599,brightshaky
2019,0.0699,0.0145,0.9982,-0.7935,0.1831,-5.188,brightshaky
2015,0.1123,-0.0251,0.9979,-0.9155,-1.2207,-9.3994,brightshaky
2038,0.062,-0.0072,1.002,0.5493,3.6011,6.958,brightshaky
2025,0.1152,-0.0011,1.0033,0.061,-2.5024,1.4648,brightshaky
2035,0.0824,-0.0056,1.0079,-0.1831,0.061,0.8545,brightshaky
2040,0.0815,-0.011,1.0037,-0.3662,1.0986,-0.2441,brightshaky
2046,0.0764,-0.0005,1.0018,0.6104,1.6479,5.7983,brightshaky
2018,0.0934,-0.0363,1.017,-1.6479,-0.6104,-15.9302,brightshaky
2035,0.083,0.0099,0.9949,2.6855,1.1597,34.9731,brightshaky
2017,0.0703,-0.0181,1.0129,-3.54,-5.127,-32.8369,brightshaky
2032,0.1467,-0.024,1.0267,0.4272,-4.0894,15.564,brightshaky
2024,0.0807,-0.01,1.0205,-0.7324,3.1128,-1.709,brightshaky
2028,0.0809,-0.01,1.0123,-0.2441,-1.5259,1.8311,brightshaky
2034,0.0875,-0.0098,0.9963,-0.1831,-0.5493,-0.061,brightshaky
2039,0.0784,-0.0079,1.0096,-0.1221,0.5493,1.8311,brightshaky
2033,0.0861,-0.0099,1.0035,-0.2441,-1.0986,-0.2441,brightshaky
2021,0.0886,-0.009,1.0032,-0.4272,3.7231,-0.2441,brightshaky
2021,0.0942,-0.011,0.994,0,-2.8076,0.1831,brightshaky
2036,0.0811,-0.0054,1.0061,0,0.9155,1.9531,brightshaky
2035,0.0852,-0.0104,1.0044,-0.2441,0.4883,-0.1831,brightshaky
2037,0.0864,-0.0107,1.0031,-0.2441,-0.6104,-0.1831,brightshaky
2034,0.087,-0.0089,1.0018,-0.1831,-0.4272,-0.1831,brightshaky
2016,0.0914,-0.0094,0.9988,-0.4272,4.5776,-0.061,brightshaky
2015,0.0917,-0.0085,1.005,-0.1221,0.3662,0.3052,brightshaky
2016,0.0903,-0.009,1.0038,-0.1831,0.3662,-0.061,brightshaky
2019,0.0903,-0.0094,1.0028,-0.3052,0,-0.1831,brightshaky
2019,0.0885,-0.0094,1.0042,-0.3052,0.9155,-0.2441,brightshaky
2018,0.0872,-0.009,1.0063,-0.2441,0.7324,-0.1831,brightshaky
2020,0.087,-0.0095,1.005,-0.3052,0,-0.3052,brightshaky
2020,0.0907,-0.0093,1.0005,-0.3662,1.3428,-0.3662,brightshaky
2013,0.0902,-0.0101,1.0033,-0.3052,1.3428,-0.2441,brightshaky
2012,0.0896,-0.0096,1.004,-0.3052,0.1831,-0.1831,brightshaky
2011,0.0903,-0.0094,1.0027,-0.3052,0.1221,-0.1831,brightshaky
2011,0.0891,-0.0099,1.0039,-0.2441,0.1831,-0.1221,brightshaky
2010,0.0886,-0.01,1.0043,-0.2441,0.2441,-0.1831,brightshaky
2009,0.0883,-0.0103,1.006,-0.2441,0.3052,-0.1221,brightshaky
2008,0.089,-0.0095,1.0034,-0.2441,0.061,-0.2441,brightshaky
2007,0.0896,-0.0084,1.0042,-0.2441,0.1831,-0.1831,brightshaky
2006,0.0887,-0.0092,1.0046,-0.2441,0.1831,-0.1831,brightshaky
1958,0.0162,-0.0076,1.0072,-0.3052,0.1831,-0.2441,brightstable
1958,0.0168,-0.0082,1.0078,-0.3052,0.1831,-0.1831,brightstable
1956,0.0166,-0.0088,1.0088,-0.2441,0.1221,-0.2441,brightstable
1954,0.0173,-0.0085,1.0081,-0.1831,0.3052,-0.2441,brightstable
1953,0.0162,-0.0081,1.0072,-0.2441,0.1831,-0.2441,brightstable
1953,0.0161,-0.0079,1.0077,-0.1831,0.061,-0.1831,brightstable
1953,0.0157,-0.0081,1.0072,-0.1831,0.1831,-0.1831,brightstable
1953,0.0172,-0.0084,1.0082,-0.2441,0.1831,-0.1831,brightstable
1953,0.0164,-0.0082,1.0081,-0.1831,0.1831,-0.2441,brightstable
1954,0.0165,-0.0085,1.0065,-0.1831,0.2441,-0.2441,brightstable
1953,0.0167,-0.0079,1.0073,-0.3052,0.2441,-0.2441,brightstable
1951,0.0164,-0.0079,1.0087,-0.1831,0.2441,-0.2441,brightstable
1950,0.0167,-0.009,1.0074,-0.2441,0.1831,-0.2441,brightstable
1950,0.0164,-0.0081,1.009,-0.2441,0.2441,-0.3052,brightstable
1949,0.0167,-0.0079,1.0063,-0.2441,0.2441,-0.2441,brightstable
1948,0.0165,-0.0087,1.0077,-0.1831,0.1831,-0.2441,brightstable
1948,0.0173,-0.0074,1.0066,-0.3052,0.2441,-0.1831,brightstable
1949,0.0177,-0.0082,1.0083,-0.3052,0.3052,-0.2441,brightstable
1949,0.0173,-0.0077,1.0077,-0.2441,0.1831,-0.2441,brightstable
1948,0.0173,-0.0081,1.0072,-0.2441,0.3052,-0.1831,brightstable
1946,0.0175,-0.009,1.0084,-0.3052,0.3052,0,brightstable
1946,0.0192,-0.0083,1.0077,-0.1831,0.5493,0.1831,brightstable
1946,0.0204,-0.0085,1.0074,-0.2441,0.3662,0.1221,brightstable
1946,0.0197,-0.0083,1.0073,-0.2441,0.3052,0,brightstable
1945,0.02,-0.0085,1.0071,-0.1831,0,-0.2441,brightstable
1944,0.0167,-0.0088,1.0055,-0.3052,-0.1221,-0.6104,brightstable
1945,0.017,-0.0088,1.0068,-0.2441,0.2441,-0.7324,brightstable
1944,0.0172,-0.0076,1.007,-0.3052,0.3052,-0.3662,brightstable
1942,0.0176,-0.0082,1.0062,-0.1831,0.4883,0.1221,brightstable
1941,0.0179,-0.0071,1.0071,-0.1831,0.3052,-0.1221,brightstable
1940,0.019,-0.0093,1.0072,-0.2441,0.2441,-0.1831,brightstable
1939,0.0186,-0.0087,1.0074,-0.2441,0.3052,-0.061,brightstable
1940,0.0201,-0.0083,1.0077,-0.2441,0.2441,-0.1831,brightstable
1941,0.0188,-0.0087,1.0076,-0.1831,0.1831,-0.061,brightstable
1942,0.0201,-0.0083,1.0078,-0.3052,0.2441,0,brightstable
1945,0.0204,-0.0079,1.0073,-0.2441,0.3052,0.061,brightstable
1947,0.021,-0.0087,1.0081,-0.2441,0.2441,0.1831,brightstable
1947,0.021,-0.0087,1.0081,-0.2441,0.3052,0.3662,brightstable
1947,0.0216,-0.0085,1.0071,-0.1831,0.3052,0.2441,brightstable
1947,0.0212,-0.0082,1.0072,-0.2441,0.1831,-0.061,brightstable
1947,0.0206,-0.0084,1.0089,-0.2441,-0.061,-0.3052,brightstable
1944,0.0211,-0.0078,1.0077,-0.3052,0,-0.4272,brightstable
1939,0.0194,-0.0073,1.0071,-0.1831,-0.061,-0.6714,brightstable
1937,0.0182,-0.0079,1.0061,-0.2441,-0.1221,-0.9155,brightstable
1939,0.0162,-0.0078,1.0073,-0.3052,0.1221,-1.0376,brightstable
1935,0.0181,-0.0088,1.0082,-0.1831,0.9155,0.4883,brightstable
1934,0.0206,-0.0084,1.0077,-0.1831,0.4272,0.7324,brightstable
1936,0.0199,-0.0082,1.007,-0.2441,0,-0.2441,brightstable
1935,0.0175,-0.0096,1.0059,-0.2441,-0.061,-0.5493,brightstable
1936,0.0172,-0.0077,1.0063,-0.2441,0.1831,-0.5493,brightstable
1934,0.0175,-0.0094,1.0068,-0.2441,0.3662,-0.2441,brightstable
1931,0.0187,-0.0085,1.0078,-0.1831,0.4272,0,brightstable
1931,0.019,-0.0082,1.0061,-0.2441,0.1831,-0.1831,brightstable
1932,0.0184,-0.009,1.0061,-0.3052,0,-0.2441,brightstable
1933,0.0181,-0.0077,1.006,-0.2441,0.2441,-0.1831,brightstable
1932,0.019,-0.0087,1.0066,-0.2441,0.3662,-0.2441,brightstable
1933,0.0192,-0.0089,1.0079,-0.1831,0.4272,-0.061,brightstable
1935,0.0187,-0.0087,1.0073,-0.1831,0.3052,0.2441,brightstable
1936,0.0201,-0.0078,1.0082,-0.1221,0.4272,0.3052,brightstable
1937,0.021,-0.0087,1.0071,-0.2441,0.3052,0.1831,brightstable
1938,0.0198,-0.0096,1.0063,-0.2441,0.3052,0.1831,brightstable
1938,0.0215,-0.0101,1.0067,-0.3052,0.1831,-0.1221,brightstable
1938,0.0204,-0.0077,1.0076,-0.3052,-0.061,-0.5493,brightstable
1937,0.0199,-0.0073,1.0074,-0.3052,-0.061,-0.8545,brightstable
1936,0.0183,-0.0078,1.007,-0.1831,0.061,-0.6714,brightstable
1932,0.0187,-0.0083,1.007,-0.2441,0.061,-0.5493,brightstable
1931,0.0173,-0.0089,1.0079,-0.1831,0.1221,-0.1831,brightstable
1929,0.0177,-0.0089,1.0077,-0.1831,0.3662,-0.1831,brightstable
1928,0.0181,-0.0095,1.0057,-0.1831,0.4272,0.1831,brightstable
1929,0.0199,-0.0089,1.0077,-0.3052,0.3052,-0.061,brightstable
1930,0.0192,-0.0085,1.0072,-0.2441,0.1221,-0.2441,brightstable
1932,0.02,-0.0087,1.0081,-0.2441,0.1221,-0.4272,brightstable
1931,0.0179,-0.0077,1.0074,-0.3052,-0.061,-0.5493,brightstable
1934,0.0167,-0.0072,1.0088,-0.2441,0.2441,-0.3052,brightstable
1932,0.017,-0.0083,1.0074,-0.1831,0.4272,-0.1221,brightstable
1932,0.0192,-0.0082,1.007,-0.1221,0.4883,0.3662,brightstable
1932,0.0197,-0.0074,1.0082,-0.2441,0.3662,0.5493,brightstable
1933,0.0209,-0.0089,1.007,-0.1831,0.3662,0.2441,brightstable
1934,0.0215,-0.0076,1.0072,-0.1831,0.2441,0.061,brightstable
1934,0.0216,-0.0089,1.0057,-0.3052,-0.1831,-0.3662,brightstable
1931,0.0176,-0.009,1.0068,-0.3052,-0.1221,-2.1973,brightstable
1934,0.0155,-0.0077,1.0083,-0.1831,-0.4272,-1.2207,brightstable
1934,0.0144,-0.0085,1.0078,-0.1831,0.7935,-0.1221,brightstable
1929,0.0171,-0.0078,1.0073,-0.2441,0.6714,0.5493,brightstable
1927,0.0189,-0.0087,1.0076,-0.3052,0.061,-0.2441,brightstable
1925,0.0178,-0.0088,1.0079,-0.3052,0.1831,-0.6104,brightstable
1924,0.0179,-0.0088,1.0079,-0.2441,0.4883,-0.061,brightstable
1928,0.0187,-0.0084,1.0068,-0.1831,0.3662,0.5493,brightstable
1933,0.0195,-0.0082,1.0076,-0.1831,0.3052,0.3052,brightstable
1937,0.0215,-0.0076,1.0071,-0.2441,0.3052,0.061,brightstable
1940,0.0201,-0.0078,1.0071,-0.2441,0.3052,0,brightstable
1943,0.0203,-0.0084,1.0077,-0.1831,0.3662,0.3052,brightstable
1943,0.0211,-0.0076,1.0063,-0.1831,0.3052,0.061,brightstable
1940,0.0208,-0.0087,1.007,-0.2441,0.1221,-0.2441,brightstable
1937,0.019,-0.0082,1.0068,-0.3052,0,-0.4883,brightstable
1935,0.0188,-0.0082,1.0077,-0.2441,-0.1221,-0.8545,brightstable
1934,0.0187,-0.0095,1.0074,-0.3052,0.1221,-0.7935,brightstable
1932,0.0188,-0.0081,1.009,-0.1831,0.1831,-0.6714,brightstable
1933,0.0179,-0.0076,1.0066,-0.2441,0.1831,-0.3052,brightstable
1933,0.0179,-0.0096,1.0073,-0.1831,0.2441,-0.1831,brightstable
1933,0.0183,-0.0081,1.009,-0.2441,0.3052,-0.061,brightstable
1932,0.0186,-0.0081,1.0072,-0.2441,0.061,-0.2441,brightstable
1932,0.0171,-0.0077,1.0077,-0.2441,0.061,-0.5493,brightstable
1930,0.0177,-0.0085,1.0076,-0.3052,0.061,-0.6714,brightstable
1929,0.0172,-0.009,1.0083,-0.2441,0.1831,-0.2441,brightstable
1929,0.0184,-0.0083,1.0065,-0.1831,0.3662,-0.1831,brightstable
1929,0.0178,-0.0082,1.0065,-0.2441,0.2441,-0.2441,brightstable
1930,0.0181,-0.0077,1.0079,-0.2441,0.1831,-0.3052,brightstable
1932,0.017,-0.0084,1.0067,-0.2441,0.2441,-0.1831,brightstable
1931,0.0176,-0.0076,1.0073,-0.1831,0.3052,-0.1831,brightstable
1931,0.0172,-0.0088,1.0081,-0.2441,0.3052,-0.2441,brightstable
1931,0.017,-0.0079,1.0074,-0.3052,0.3052,-0.2441,brightstable
1931,0.0186,-0.0073,1.0072,-0.1831,0.3052,-0.1831,brightstable
1932,0.0187,-0.0078,1.0084,-0.2441,0.3052,0,brightstable
1933,0.0178,-0.0084,1.0078,-0.1831,0.2441,0,brightstable
1934,0.0189,-0.0082,1.0062,-0.1831,0.2441,-0.061,brightstable
1936,0.0188,-0.0084,1.0071,-0.2441,0.2441,-0.1831,brightstable
1936,0.0183,-0.0077,1.007,-0.2441,0.1831,-0.2441,brightstable
1936,0.0193,-0.0098,1.0066,-0.3052,0.2441,-0.2441,brightstable
1935,0.0175,-0.0092,1.0087,-0.2441,0.061,-0.3662,brightstable
1935,0.0182,-0.0082,1.0076,-0.2441,0.1831,-0.4883,brightstable
1933,0.0182,-0.009,1.0067,-0.1831,0.1831,-0.3052,brightstable
1933,0.0179,-0.009,1.0082,-0.1831,0.2441,-0.1831,brightstable
1933,0.0182,-0.0084,1.0073,-0.1831,0.3052,-0.1831,brightstable
1934,0.0171,-0.0082,1.0083,-0.2441,0.1831,-0.1831,brightstable
1936,0.0177,-0.0087,1.0068,-0.3052,0.3662,0,brightstable
1937,0.0184,-0.0088,1.0074,-0.2441,0.3662,0.061,brightstable
1936,0.0197,-0.0085,1.007,-0.2441,0,-0.2441,brightstable
1935,0.0178,-0.0078,1.0067,-0.2441,0,-0.6104,brightstable
1936,0.0173,-0.0084,1.0074,-0.1831,0,-0.4272,brightstable
1936,0.016,-0.0085,1.0078,-0.3052,0.1831,-0.3052,brightstable
1935,0.0166,-0.0088,1.0073,-0.3052,0.3052,-0.2441,brightstable
1935,0.0162,-0.0095,1.0065,-0.2441,0.1831,-0.2441,brightstable
1935,0.0166,-0.0093,1.0079,-0.2441,0.2441,-0.2441,brightstable
1936,0.0162,-0.0093,1.0076,-0.2441,0.1831,-0.1221,brightstable
1937,0.0159,-0.0088,1.0088,-0.3052,0.3662,-0.2441,brightstable
1936,0.0179,-0.0079,1.0081,-0.2441,0.3052,-0.2441,brightstable
1936,0.0181,-0.0087,1.0079,-0.3052,0.3052,-0.1831,brightstable
1937,0.0178,-0.0079,1.0089,-0.2441,0.3662,-0.1221,brightstable
1938,0.0181,-0.009,1.0066,-0.1831,0.2441,0.061,brightstable
1939,0.0183,-0.0089,1.0071,-0.1831,0.3052,-0.061,brightstable
1939,0.0182,-0.0083,1.0076,-0.3052,0.061,-0.2441,brightstable
1940,0.0173,-0.0092,1.0081,-0.1831,0.1831,-0.2441,brightstable
1940,0.0176,-0.0081,1.0079,-0.2441,0.3662,-0.1831,brightstable
1941,0.0187,-0.0082,1.007,-0.1831,0.3052,0,brightstable
1940,0.0189,-0.0092,1.0082,-0.3052,0.061,-0.1831,brightstable
1939,0.0176,-0.0082,1.0073,-0.2441,0.061,-0.5493,brightstable
1939,0.0176,-0.0098,1.0067,-0.1831,0.061,-0.4272,brightstable
1939,0.0178,-0.0083,1.0068,-0.2441,0.3052,-0.2441,brightstable
1939,0.0179,-0.0077,1.0087,-0.2441,0.3662,-0.1831,brightstable
1938,0.019,-0.0084,1.0073,-0.2441,0.2441,-0.1831,brightstable
1939,0.0186,-0.009,1.0078,-0.2441,0.1831,-0.2441,brightstable
1940,0.0183,-0.0073,1.0074,-0.3052,0.1831,-0.2441,brightstable
1939,0.0188,-0.0082,1.0071,-0.2441,0.1831,-0.1831,brightstable
1939,0.0178,-0.0089,1.0071,-0.3052,0.3052,-0.1831,brightstable
1940,0.0181,-0.0078,1.0081,-0.1831,0.1221,-0.1831,brightstable
1941,0.0177,-0.0079,1.007,-0.2441,0.3662,-0.2441,brightstable
1941,0.0189,-0.0072,1.0071,-0.2441,0.3052,-0.061,brightstable
1943,0.0183,-0.0082,1.0073,-0.1831,0.3052,-0.1221,brightstable
1941,0.0181,-0.0088,1.0071,-0.2441,0.061,-0.1831,brightstable
1943,0.0175,-0.0077,1.007,-0.1831,0.1831,-0.4272,brightstable
1942,0.0181,-0.0083,1.0068,-0.2441,0.061,-0.3052,brightstable
1942,0.0171,-0.009,1.0082,-0.3052,0.1221,-0.3052,brightstable
1941,0.0161,-0.0085,1.0074,-0.1831,0.1831,-0.1831,brightstable
1940,0.0168,-0.0083,1.0082,-0.2441,0.2441,-0.2441,brightstable
1940,0.0167,-0.0098,1.0076,-0.2441,0.1831,-0.2441,brightstable
1940,0.0167,-0.0083,1.0079,-0.1831,0.1831,-0.1221,brightstable
1941,0.0175,-0.0085,1.0078,-0.2441,0.2441,-0.2441,brightstable
1942,0.0173,-0.0085,1.0073,-0.2441,0.1831,-0.1831,brightstable
1942,0.0173,-0.0088,1.0082,-0.2441,0.2441,-0.3052,brightstable
1944,0.0165,-0.0083,1.0079,-0.2441,0.3052,-0.2441,brightstable
1944,0.0161,-0.0078,1.0084,-0.3052,0.2441,-0.2441,brightstable
1943,0.0172,-0.0081,1.0079,-0.2441,0.1831,-0.2441,brightstable
1943,0.017,-0.0088,1.0071,-0.1831,0.2441,-0.2441,brightstable
1943,0.0176,-0.0085,1.0072,-0.2441,0.2441,-0.2441,brightstable
1943,0.0168,-0.0081,1.0077,-0.2441,0.1831,-0.2441,brightstable
1943,0.0178,-0.0076,1.007,-0.2441,0.3052,-0.2441,brightstable
1944,0.0167,-0.0093,1.0062,-0.2441,0.2441,-0.1831,brightstable
1945,0.0183,-0.0083,1.007,-0.3052,0.2441,-0.1831,brightstable
1945,0.0179,-0.009,1.0078,-0.2441,0.2441,-0.2441,brightstable
1945,0.0179,-0.0081,1.0076,-0.3052,0.2441,-0.2441,brightstable
1945,0.0172,-0.0082,1.0071,-0.2441,0.1831,-0.1831,brightstable
1945,0.0178,-0.0084,1.0079,-0.2441,0.1831,-0.2441,brightstable
1944,0.0167,-0.0085,1.006,-0.2441,0.2441,-0.1831,brightstable
1945,0.0173,-0.0093,1.0065,-0.2441,0.1221,-0.1221,brightstable
1945,0.0173,-0.0096,1.0071,-0.1831,0.2441,-0.1831,brightstable
1946,0.0175,-0.0094,1.0067,-0.3052,0.2441,-0.1831,brightstable
1946,0.0182,-0.0081,1.0071,-0.2441,0.1831,-0.2441,brightstable
1947,0.017,-0.0081,1.0079,-0.3052,0.2441,-0.2441,brightstable
1947,0.0166,-0.0079,1.0067,-0.3052,0.1831,-0.2441,brightstable
1947,0.0168,-0.0082,1.0072,-0.2441,0.1831,-0.1831,brightstable
1946,0.0176,-0.009,1.0066,-0.1831,0.1831,-0.1831,brightstable
1946,0.0166,-0.0093,1.0074,-0.3052,0.1831,-0.1831,brightstable
1946,0.0165,-0.0082,1.0081,-0.2441,0.1831,-0.2441,brightstable
1947,0.0159,-0.0078,1.006,-0.3052,0.2441,-0.1831,brightstable
1947,0.0155,-0.0084,1.0079,-0.2441,0.1831,-0.2441,brightstable
1948,0.0154,-0.009,1.0077,-0.2441,0.2441,-0.1831,brightstable
1949,0.0156,-0.0085,1.0074,-0.2441,0.1831,-0.2441,brightstable
1950,0.0167,-0.0081,1.0074,-0.2441,0.1831,-0.2441,brightstable
1949,0.0155,-0.0087,1.0074,-0.1831,0.3052,-0.1831,brightstable
1949,0.0154,-0.0083,1.0082,-0.2441,0.2441,-0.2441,brightstable
1948,0.0171,-0.0084,1.0085,-0.3052,0.1221,-0.2441,brightstable
1948,0.0154,-0.0071,1.0082,-0.2441,0.1831,-0.1831,brightstable
1949,0.0166,-0.0095,1.0084,-0.2441,0.2441,-0.1831,brightstable
1950,0.0162,-0.0082,1.0074,-0.1831,0.1831,-0.1831,brightstable
1950,0.0177,-0.009,1.0059,-0.3052,0.1221,-0.2441,brightstable
1951,0.0159,-0.0079,1.0066,-0.2441,0.1831,-0.2441,brightstable
1951,0.0165,-0.0096,1.0083,-0.3052,0.2441,-0.1831,brightstable
1950,0.0162,-0.0078,1.0072,-0.2441,0.2441,-0.2441,brightstable
1950,0.0164,-0.0079,1.0062,-0.2441,0.1831,-0.2441,brightstable
1950,0.0164,-0.0079,1.0076,-0.1831,0.1831,-0.1221,brightstable
1949,0.0153,-0.0079,1.0078,-0.3052,0.2441,-0.2441,brightstable
1950,0.016,-0.0084,1.0077,-0.2441,0.3052,-0.2441,brightstable
1951,0.0153,-0.0078,1.0092,-0.2441,0.3052,-0.1831,brightstable
1952,0.0153,-0.0083,1.0073,-0.2441,0.2441,-0.1831,brightstable
1952,0.0151,-0.0073,1.0071,-0.2441,0.1831,-0.1831,brightstable
1952,0.0155,-0.0082,1.0082,-0.3052,0.1831,-0.1831,brightstable
1952,0.0157,-0.0092,1.0072,-0.3052,0.2441,-0.2441,brightstable
1952,0.0161,-0.0092,1.007,-0.2441,0.2441,-0.1831,brightstable
1951,0.0161,-0.0079,1.0074,-0.2441,0.2441,-0.1831,brightstable
1952,0.0161,-0.0085,1.0073,-0.2441,0.2441,-0.2441,brightstable
1952,0.0151,-0.0088,1.0077,-0.2441,0.1831,-0.1831,brightstable
1953,0.0167,-0.0084,1.0066,-0.2441,0.1831,-0.2441,brightstable
1953,0.0171,-0.0079,1.0062,-0.2441,0.1221,-0.1831,brightstable
1953,0.0156,-0.0078,1.0092,-0.3052,0.2441,-0.2441,brightstable
1953,0.0165,-0.0087,1.0062,-0.2441,0.1831,-0.1831,brightstable
1953,0.0168,-0.0082,1.0073,-0.3052,0.1831,-0.1831,brightstable
1952,0.0177,-0.0082,1.0087,-0.2441,0.1831,-0.1831,brightstable
1952,0.0171,-0.0078,1.0076,-0.2441,0.2441,-0.2441,brightstable
1952,0.016,-0.009,1.0074,-0.2441,0.3662,-0.1221,brightstable
1953,0.0167,-0.0087,1.0081,-0.2441,0.3052,-0.2441,brightstable
1953,0.0164,-0.0071,1.0066,-0.2441,0.2441,-0.2441,brightstable
1953,0.0175,-0.0079,1.0068,-0.1831,0.2441,-0.1831,brightstable
1953,0.0176,-0.0071,1.0076,-0.1831,0.1831,-0.1831,brightstable
1953,0.0175,-0.0079,1.0066,-0.2441,0.2441,-0.1831,brightstable
1953,0.0176,-0.0079,1.006,-0.1831,0.1831,-0.2441,brightstable
1953,0.017,-0.0076,1.0063,-0.1831,0.1831,-0.1831,brightstable
1953,0.0167,-0.009,1.0076,-0.1831,0.2441,-0.2441,brightstable
1953,0.0171,-0.009,1.0081,-0.2441,0.2441,-0.2441,brightstable
1953,0.0176,-0.0084,1.0082,-0.1831,0.2441,-0.2441,brightstable
1954,0.017,-0.0079,1.0068,-0.2441,0.1831,-0.1221,brightstable
1954,0.0173,-0.0082,1.0079,-0.3052,0.1831,-0.1221,brightstable
1955,0.0168,-0.0089,1.0074,-0.2441,0.2441,-0.1831,brightstable
1954,0.0171,-0.0085,1.0063,-0.1831,0.2441,-0.2441,brightstable
1955,0.0172,-0.0083,1.0068,-0.1831,0.2441,-0.2441,brightstable
1954,0.0171,-0.0071,1.0077,-0.2441,0.2441,-0.2441,brightstable
1955,0.0165,-0.0074,1.007,-0.3052,0.2441,-0.2441,brightstable
1955,0.0172,-0.0082,1.0081,-0.2441,0.2441,-0.2441,brightstable
1955,0.0175,-0.0092,1.0079,-0.1831,0.2441,-0.1831,brightstable
1956,0.0177,-0.0089,1.0071,-0.2441,0.3052,-0.2441,brightstable
1956,0.0172,-0.0098,1.0056,-0.2441,0.2441,-0.1831,brightstable
1957,0.0178,-0.0078,1.0078,-0.3662,0.1831,-0.2441,brightstable
1957,0.016,-0.0085,1.0085,-0.2441,0.3052,-0.2441,brightstable
1956,0.0167,-0.0095,1.0084,-0.2441,0.2441,-0.1831,brightstable
1956,0.0172,-0.0089,1.0074,-0.1831,0.1831,-0.2441,brightstable
1956,0.0168,-0.0079,1.0088,-0.1831,0.1221,-0.1831,brightstable
1957,0.0176,-0.0081,1.0074,-0.2441,0.1831,-0.2441,brightstable
1957,0.0175,-0.0089,1.006,-0.1831,0.1831,-0.1221,brightstable
1958,0.0162,-0.0081,1.0087,-0.3052,0.2441,-0.2441,brightstable
0,0.0363,0.0757,0.98,-5.7373,8.728,0.3662,lowlightshaky
0,0.1547,0.0587,0.9927,-0.3662,0,-0.9766,lowlightshaky
0,0.1323,0.0626,0.9906,-2.2583,3.2959,1.0986,lowlightshaky
0,0.1433,0.0537,0.9927,-0.4272,0.7324,-5.8594,lowlightshaky
0,0.1373,0.0739,0.9938,-0.3052,0.3052,5.6763,lowlightshaky
0,0.1183,0.0682,0.9884,-1.5259,1.2817,-2.6245,lowlightshaky
0,0.0771,0.1017,1.0013,-0.2441,1.0986,15.2588,lowlightshaky
0,0.1646,0.0837,0.9944,0.2441,-0.6714,-3.1738,lowlightshaky
0,0.1125,0.0553,0.9915,-0.3662,0,-7.2021,lowlightshaky
0,0.1552,0.0656,0.9896,-1.5259,1.9531,6.6528,lowlightshaky
0,0.116,0.1024,0.9889,-0.4883,0.7935,14.3433,lowlightshaky
0,0.1433,0.084,0.9883,0,-0.3662,-1.77,lowlightshaky
0,0.1384,0.0811,0.9882,0.7324,-1.3428,-13.2446,lowlightshaky
0,0.1418,0.0782,0.9865,-0.8545,1.1597,-2.8687,lowlightshaky
0,0.1079,0.0663,0.99,0.6714,-0.8545,4.2725,lowlightshaky
0,0.1475,0.0857,1.0056,-0.1221,-0.1221,-0.3662,lowlightshaky
0,0.1337,0.0762,0.9911,-0.1831,-0.4272,1.0376,lowlightshaky
0,0.1897,0.1052,0.9906,-4.3335,6.5308,1.0986,lowlightshaky
0,0.121,0.0658,0.9899,-0.3052,-0.3052,-5.188,lowlightshaky
0,0.1785,0.0712,0.9755,-7.6904,10.9253,11.7187,lowlightshaky
0,0.1019,0.0956,0.9865,1.0986,-2.0752,0.1221,lowlightshaky
0,0.0927,0.0309,1.0032,-2.1362,3.1128,-2.0142,lowlightshaky
0,0.0994,0.0645,1.0243,-6.6528,9.3384,28.9307,lowlightshaky
0,0.1346,0.1061,0.9771,12.4512,-16.5405,-36.9873,lowlightshaky
0,0.1348,0.087,0.9895,-0.2441,0.2441,4.7607,lowlightshaky
0,0.149,0.0837,1.004,0.7324,-1.4038,-3.418,lowlightshaky
0,0.171,0.0922,0.9871,0.6104,-0.6104,21.1182,lowlightshaky
0,0.1128,0.0935,0.9972,2.7466,-3.7842,-8.1787,lowlightshaky
0,0.1746,0.0966,0.9954,-0.9766,1.2207,7.2632,lowlightshaky
0,0.0571,0.071,0.9862,0.5493,-0.9155,-10.7422,lowlightshaky
0,0.141,0.1057,0.9924,-3.7231,4.8828,9.0942,lowlightshaky
0,0.2307,0.1084,0.9845,-0.3662,0.2441,-5.3101,lowlightshaky
0,0.1443,0.0867,0.989,0.1831,-0.4272,0.4272,lowlightshaky
0,0.2191,0.099,0.9871,0.1221,-0.2441,3.8452,lowlightshaky
0,0.1088,0.0771,0.9912,3.2349,-4.4556,-10.0098,lowlightshaky
0,0.0031,0.1029,0.9763,-4.3335,5.7983,11.6577,lowlightshaky
0,0.174,0.1235,0.9883,2.5024,-3.3569,-3.479,lowlightshaky
0,0.1521,0.1082,0.9841,-0.3052,-0.4272,-0.6104,lowlightshaky
0,0.1234,0.0765,0.9875,-2.1362,2.4414,-14.4043,lowlightshaky
0,0.1331,0.0902,0.9896,-0.1831,0,-2.8076,lowlightshaky
0,0.13,0.0739,0.9962,-0.9766,1.2817,2.6855,lowlightshaky
0,0.1239,0.082,0.9941,0.4883,-0.8545,0.6714,lowlightshaky
0,0.1051,0.0709,0.9911,0.9766,-1.6479,-2.1973,lowlightshaky
0,0.1052,0.0973,0.9896,-2.0142,2.6245,12.5122,lowlightshaky
0,0.1384,0.0763,0.9938,-2.1973,2.6245,-3.7842,lowlightshaky
0,0.0104,0.0895,1.0005,-0.8545,1.0376,13.1226,lowlightshaky
0,0.1487,0.1259,0.9835,-1.6479,2.0142,-1.8921,lowlightshaky
0,0.1676,0.1034,0.9922,-0.3662,-0.3662,-4.0283,lowlightshaky
0,0.139,0.0916,1.0026,5.3711,-8.3008,-21.6064,lowlightshaky
0,0.1045,0.0746,0.9762,-2.8076,4.7607,4.9438,lowlightshaky
0,0.1246,0.0592,1.0005,-3.1128,4.2114,11.7187,lowlightshaky
0,0.1044,0.0668,0.9866,1.5259,-2.1362,-10.3149,lowlightshaky
0,0.0934,0.0614,0.9868,1.709,-4.8828,-1.1597,lowlightshaky
0,0.182,0.0623,0.9912,-2.3193,4.2114,13.0005,lowlightshaky
0,0.0684,0.0765,1.0134,-3.6621,4.6997,-4.5166,lowlightshaky
0,0.1809,0.0598,0.9866,-0.3662,2.3193,13.3667,lowlightshaky
0,0.1105,0.0466,1.0122,5.6152,-10.8643,-10.0098,lowlightshaky
0,0.0374,0.0575,1.005,-2.5024,5.9814,15.625,lowlightshaky
0,0.1592,0.109,0.9919,-12.2681,14.7705,0.6104,lowlightshaky
0,0.1272,0.0725,0.9841,0.3052,-0.7935,7.3853,lowlightshaky
0,0.1086,0.0737,1.0084,0.8545,-0.9766,0.1831,lowlightshaky
0,0.1184,0.0796,0.9871,5.127,-8.7891,-14.8926,lowlightshaky
0,0.1171,0.1042,0.9799,-4.3945,7.3242,21.1182,lowlightshaky
0,0.1412,0.119,0.984,5.249,-6.0425,1.77,lowlightshaky
0,0.0969,0.0721,0.9915,0,-7.4463,-10.0098,lowlightshaky
0,0.0756,0.1128,1.0109,-10.2539,14.2212,15.564,lowlightshaky
0,0.0452,0.1025,0.9971,0.6714,-6.5308,-12.4512,lowlightshaky
0,0.1277,0.1161,0.9824,0.9155,2.5024,12.5122,lowlightshaky
0,0.0941,0.0913,0.9799,1.0986,-1.8311,-8.4229,lowlightshaky
0,0.1858,0.1072,0.967,10.1318,-0.6104,8.606,lowlightshaky
0,0.0348,0.0946,0.9999,2.3804,-3.2959,-4.4556,lowlightshaky
0,0.1099,0.0939,1.0071,-1.2207,4.0283,9.0332,lowlightshaky
0,0.0988,0.0977,0.995,-5.3101,1.2817,-1.709,lowlightshaky
0,0.1387,0.1045,0.9871,-2.9297,4.5776,5.7373,lowlightshaky
0,0.1033,0.0929,0.9902,5.9814,-9.3384,-14.5874,lowlightshaky
0,0.1317,0.161,0.964,-31.5552,-3.479,2.4414,lowlightshaky
0,0.0963,0.2351,0.9552,-5.0659,4.3335,5.7373,lowlightshaky
0,0.0677,0.1641,1.0006,16.7236,2.7466,10.8643,lowlightshaky
0,0.0747,0.0845,0.9928,16.2964,0.6104,0.061,lowlightshaky
0,0.1309,0.1398,0.9501,-47.1802,-8.667,-13.6108,lowlightshaky
0,0.0599,0.1548,0.9834,0.9155,1.4038,2.9907,lowlightshaky
0,0.1432,0.124,0.9994,-26.3672,0.2441,-1.2817,lowlightshaky
0,0.105,0.1104,0.9998,14.4653,1.2207,0.6104,lowlightshaky
0,0.1012,0.2167,0.9584,-3.7842,0.1831,-0.9766,lowlightshaky
0,0.0751,0.1327,0.9911,-3.9062,-3.9673,-3.7842,lowlightshaky
0,0.1445,0.1803,0.978,18.7988,0.2441,1.6479,lowlightshaky
0,0.076,0.151,0.9883,-6.6528,-4.3335,-5.4321,lowlightshaky
0,0.1112,0.2258,0.9639,7.0801,6.4697,6.2256,lowlightshaky
0,0.0314,0.192,0.964,-53.6499,-18.9819,-21.2402,lowlightshaky
0,0.0533,0.3364,0.9343,-31.5552,-8.4839,4.9438,lowlightshaky
0,0.0881,0.2788,0.9521,6.897,3.7231,10.3149,lowlightshaky
0,0.0874,0.2485,0.9597,3.7231,4.2725,2.7466,lowlightshaky
0,0.0739,0.2401,0.9655,-2.8076,1.0986,1.3428,lowlightshaky
0,0.0841,0.2346,0.967,-6.5308,-0.9155,-0.4272,lowlightshaky
0,0.0782,0.2412,0.9685,0.5493,1.0986,0.6104,lowlightshaky
0,0.0854,0.2411,0.9716,-5.6763,-0.1221,0.1831,lowlightshaky
0,0.0911,0.2583,0.9695,-5.188,-0.9766,-1.4038,lowlightshaky
0,0.0734,0.2872,0.9548,-21.3013,-4.2725,-3.9673,lowlightshaky
0,0.0803,0.3434,0.9198,-37.0483,-13.6108,2.6245,lowlightshaky
0,-0.0038,0.4453,0.8898,7.2632,5.6152,3.7231,lowlightshaky
0,0.032,0.3563,0.9259,-8.728,-3.479,-1.0986,lowlightshaky
0,0.0621,0.3357,0.954,-1.77,2.1973,-1.0376,lowlightshaky
0,0.0922,0.3129,0.9663,61.8896,7.6904,-9.0332,lowlightshaky
0,0.0781,0.2533,0.9858,71.0449,7.7515,-9.0942,lowlightshaky
0,0.009,0.338,0.9326,14.2212,-0.5493,-4.0283,lowlightshaky
0,0.072,0.34,0.9467,-2.6855,-4.0894,-6.7749,lowlightshaky
0,0.0892,0.2975,0.9581,-7.3853,2.0142,1.0986,lowlightshaky
0,0.0751,0.274,0.938,-17.0288,-7.4463,1.8921,lowlightshaky
0,0.0673,0.2881,0.9459,-0.2441,0.5493,-0.3662,lowlightshaky
0,0.052,0.2908,0.9548,1.709,0.3052,3.7231,lowlightshaky
0,0.0631,0.2959,0.9507,0.5493,-2.0142,-2.0752,lowlightshaky
0,0.0629,0.3126,0.9464,-0.061,0.6104,-0.3662,lowlightshaky
0,0.066,0.3033,0.9497,-0.3052,-0.7324,-1.2817,lowlightshaky
0,0.0684,0.3049,0.9608,0.4272,1.5259,0.9155,lowlightshaky
0,0.0616,0.3005,0.952,0.3662,0.3662,-0.4883,lowlightshaky
0,0.0693,0.311,0.9512,-0.3052,0.061,-0.2441,lowlightshaky
0,0.0684,0.3127,0.9484,-0.3662,1.2207,1.0376,lowlightshaky
0,0.0674,0.3116,0.9465,-0.2441,-0.7324,-3.6621,lowlightshaky
0,0.0659,0.3018,0.9486,-0.4883,-1.4648,-0.061,lowlightshaky
0,0.0621,0.3157,0.954,-0.1831,0.3052,0.7324,lowlightshaky
0,0.0614,0.3201,0.9481,-0.2441,1.0376,0.1221,lowlightshaky
0,0.0643,0.3032,0.9535,3.8452,-0.1831,-0.8545,lowlightshaky
0,0.0389,0.3199,0.946,0.4883,-1.2817,1.5259,lowlightshaky
0,0.0937,0.3933,0.9285,-16.1133,-9.1553,3.479,lowlightshaky
0,0.0356,0.314,0.9594,13.4277,5.4932,-0.4272,lowlightshaky
0,0.0681,0.4115,0.9285,-24.1089,-6.5918,4.8828,lowlightshaky
0,0.0453,0.3947,0.9164,-14.5874,-6.0425,-10.1318,lowlightshaky
0,0.0475,0.4429,0.9114,3.9673,-1.6479,-11.5967,lowlightshaky
0,0.0571,0.4274,0.902,4.6387,-3.7231,-5.127,lowlightshaky
0,0.0521,0.3334,0.9594,19.7754,3.2349,-8.9722,lowlightshaky
0,0.0284,0.4711,0.8635,-23.1323,-5.0659,-14.0991,lowlightshaky
0,0.0079,0.5197,0.8125,-14.3433,-11.7187,11.6577,lowlightshaky
0,-0.011,0.5287,0.8359,29.2969,8.4229,4.3945,lowlightshaky
0,0.0472,0.473,0.902,7.6904,6.2866,4.7607,lowlightshaky
0,0.0267,0.5087,0.8457,-2.5024,-1.1597,3.3569,lowlightshaky
0,0.0001,0.5092,0.8539,19.7144,3.2959,-3.1128,lowlightshaky
0,-0.0043,0.4893,0.8579,22.3389,15.5029,-3.9062,lowlightshaky
0,0.0262,0.4854,0.8732,-1.6479,2.0142,-0.2441,lowlightshaky
0,0.0281,0.4686,0.8738,1.2817,-2.1362,-5.3101,lowlightshaky
0,0.0156,0.519,0.8376,-0.3662,-1.4038,1.1597,lowlightshaky
0,0.0353,0.4916,0.855,11.0474,24.7803,0,lowlightshaky
0,0.031,0.4807,0.8691,3.479,-4.0283,4.7607,lowlightshaky
0,-0.0391,0.4652,0.8632,5.7983,0.1831,-5.9814,lowlightshaky
0,0.0759,0.4906,0.9132,15.7471,8.7891,-2.1973,lowlightshaky
0,0.001,0.4359,0.8917,-0.7324,-2.4414,1.2207,lowlightshaky
0,-0.0645,0.4467,0.8456,-15.686,-3.8452,-12.146,lowlightshaky
0,0.0623,0.4823,0.889,-9.8267,5.249,-2.2583,lowlightshaky
0,0.0505,0.4714,0.9004,12.9395,6.5308,5.0049,lowlightshaky
0,0.0275,0.4717,0.8859,-18.1274,-14.5874,-0.3662,lowlightshaky
0,-0.0243,0.4766,0.8533,15.8691,7.5684,6.5308,lowlightshaky
0,0.0237,0.4305,0.8904,-0.3052,2.5635,13.1836,lowlightshaky
0,0.0181,0.4722,0.8695,-2.7466,-2.2583,5.6763,lowlightshaky
0,0.0045,0.4407,0.8921,15.3809,13.7939,23.1323,lowlightshaky
0,0.0398,0.4326,0.9108,-3.6621,1.5869,-0.1221,lowlightshaky
0,0.0325,0.4349,0.9076,-19.2261,-15.8081,-17.4561,lowlightshaky
0,0.0182,0.4893,0.8798,-28.9307,-12.5122,-9.1553,lowlightshaky
0,-0.016,0.4906,0.8663,15.1978,-0.9766,12.6343,lowlightshaky
0,-0.0153,0.4552,0.8824,26.062,12.207,10.6812,lowlightshaky
0,0.0065,0.4481,0.9001,-0.5493,0.3052,-0.7935,lowlightshaky
0,0.005,0.4756,0.8685,-3.6011,0.1831,-8.7891,lowlightshaky
0,-0.0613,0.5553,0.8094,-11.4136,-3.2959,-2.0752,lowlightshaky
0,0.0372,0.4768,0.8785,5.9204,12.2681,8.2397,lowlightshaky
0,0.0105,0.4832,0.8817,8.0566,1.4038,6.0425,lowlightshaky
0,0.0039,0.4834,0.881,-5.3711,10.8032,-10.437,lowlightshaky
0,0.0231,0.4771,0.8672,0.4272,-2.1973,2.0752,lowlightshaky
0,0.0134,0.4886,0.8687,-2.5024,-3.54,1.4038,lowlightshaky
0,0.012,0.5135,0.8561,2.3193,8.606,-0.6714,lowlightshaky
0,0.0249,0.4686,0.8788,2.0142,4.9438,0.2441,lowlightshaky
0,-0.0391,0.5408,0.8146,5.249,-2.9297,-3.1738,lowlightshaky
0,-0.0098,0.528,0.8435,-5.0049,-7.7515,9.7046,lowlightshaky
0,0.009,0.4985,0.8618,28.1982,7.6904,-5.5542,lowlightshaky
0,-0.0121,0.519,0.8552,-3.2959,-4.0283,-5.8594,lowlightshaky
0,-0.0201,0.5583,0.8422,11.2305,13.3667,8.9111,lowlightshaky
0,-0.019,0.4788,0.8578,-4.8218,-0.4272,0.1831,lowlightshaky
0,0.0182,0.5752,0.9087,-7.5073,-3.54,10.0708,lowlightshaky
0,-0.0455,0.5205,0.8547,-7.2632,-0.8545,0.6714,lowlightshaky
0,-0.0197,0.4884,0.8585,3.3569,13.3057,14.6484,lowlightshaky
0,0.0217,0.4801,0.9121,-14.7705,17.0288,27.8931,lowlightshaky
0,-0.0199,0.5409,0.8585,-18.9819,-6.4087,3.54,lowlightshaky
0,-0.0387,0.5544,0.8263,-3.9673,1.6479,1.1597,lowlightshaky
0,-0.0294,0.558,0.8236,-1.0376,5.4932,0.7935,lowlightshaky
0,-0.0197,0.5844,0.8486,-4.0894,-2.9297,3.479,lowlightshaky
0,-0.0411,0.5601,0.8052,-2.3804,-4.8218,-0.9155,lowlightshaky
0,-0.0405,0.5551,0.8215,-1.8921,-0.3052,1.4648,lowlightshaky
0,-0.0345,0.5569,0.8278,-16.9678,-4.3335,1.0986,lowlightshaky
0,-0.0323,0.5529,0.8367,6.0425,-1.0376,-1.6479,lowlightshaky
0,0.0054,0.5188,0.8317,17.5171,1.4648,0.2441,lowlightshaky
0,-0.0292,0.5222,0.8778,25.2075,-0.7324,-5.0659,lowlightshaky
0,-0.0475,0.5355,0.8347,-13.3667,-16.2964,2.0752,lowlightshaky
0,-0.0409,0.5229,0.8882,23.9868,-1.1597,-14.0381,lowlightshaky
0,-0.0264,0.4596,0.8907,56.4575,16.9678,-26.3672,lowlightshaky
0,-0.0508,0.3679,0.8964,-153.3813,-51.3916,-33.3252,lowlightshaky
0,-0.0327,0.4275,0.8391,3.7842,-7.0801,-5.4932,lowlightshaky
0,-0.0488,0.3973,0.9268,96.9849,21.9727,6.2866,lowlightshaky
0,0.3127,0.0505,1.0159,53.7109,34.2407,-17.0288,lowlightshaky
0,0.2808,0.0101,0.9729,21.9116,-4.1504,-20.1416,lowlightshaky
0,0.2288,0.0088,0.8967,-8.0566,11.4746,-2.7466,lowlightshaky
0,0.2773,-0.0199,0.9614,11.4136,-2.1973,-5.6152,lowlightshaky
0,0.3252,0.0658,1.0084,12.8784,-14.6484,-5.6152,lowlightshaky
0,0.1001,0.0225,0.9856,2.0142,-4.5166,-10.498,lowlightshaky
0,0.1644,0.0565,0.9891,-0.1831,0.6104,-10.7422,lowlightshaky
0,0.1896,0.0551,0.9922,-2.0142,5.7373,3.7842,lowlightshaky
0,0.1819,0.0494,0.9675,-5.4932,-20.9351,-9.7656,lowlightshaky
0,0.1979,0.0648,0.9822,-0.2441,0.3052,2.6245,lowlightshaky
0,0.1781,0.1073,0.9825,-2.1362,3.8452,-18.1274,lowlightshaky
0,0.1849,0.051,0.9807,0.9766,-4.1504,1.4038,lowlightshaky
0,0.1926,0.0474,0.9843,-0.2441,-2.0752,1.3428,lowlightshaky
0,0.2096,0.0807,0.9899,-0.5493,1.5259,-25.1465,lowlightshaky
0,0.194,0.0265,0.9771,0.4883,-0.061,2.7466,lowlightshaky
0,0.174,0.0219,0.9896,-0.3662,0.3662,-0.6104,lowlightshaky
0,0.2076,0.0337,0.9873,-2.6245,9.6436,10.376,lowlightshaky
0,0.1995,0.0311,0.985,-1.3428,5.5542,4.5776,lowlightshaky
0,0.1973,0.0415,0.9828,-0.3052,-0.1831,-1.8311,lowlightshaky
0,0.2354,0.0427,0.9901,-0.4883,4.0894,6.5918,lowlightshaky
0,0.2197,0.0436,0.9801,0.1221,0.6714,0.4272,lowlightshaky
0,0.2201,0.0348,0.9825,-0.3662,0.4272,-0.5493,lowlightshaky
0,0.2406,0.0446,0.9813,-1.0376,1.5869,-0.8545,lowlightshaky
0,0.2308,0.0387,0.978,-0.061,0.4272,1.1597,lowlightshaky
0,0.2412,0.0499,0.9739,-1.5869,5.7983,-6.897,lowlightshaky
0,0.2413,0.0409,0.979,-0.2441,-0.3052,0.4883,lowlightshaky
0,0.2343,0.0466,0.9763,-0.3052,-0.1831,-2.0752,lowlightshaky
0,0.2313,0.038,0.9805,0,0.9155,-4.5166,lowlightshaky
0,0.2153,0.0503,0.9795,1.5259,-2.1973,11.3525,lowlightshaky
0,0.2518,0.0543,0.9867,2.0142,-7.8735,-1.8311,lowlightshaky
0,0.1821,0.0413,0.9785,0.4272,-4.7607,-17.9443,lowlightshaky
0,0.2269,0.0227,0.9818,-0.7935,1.2817,-11.5356,lowlightshaky
0,0.2415,0.0457,0.9807,0.8545,-2.6855,36.8652,lowlightshaky
0,0.2113,0.0424,0.9824,-0.3662,0.4272,7.019,lowlightshaky
0,0.2124,0.0356,0.9788,-0.7324,1.3428,-21.3013,lowlightshaky
0,0.2351,0.0198,0.979,-0.1221,-0.6104,15.9912,lowlightshaky
0,0.2172,0.047,0.9813,-0.1831,0.6104,-0.7324,lowlightshaky
0,0.2091,0.0358,0.9734,-0.8545,0.9155,-3.1128,lowlightshaky
0,0.2039,0.0643,0.9767,0,0.6714,13.6719,lowlightshaky
0,0.228,0.0415,0.9779,-0.3052,0.3662,-1.709,lowlightshaky
0,0.2473,0.0421,0.9697,-2.9297,6.7749,-25.2686,lowlightshaky
0,0.2261,0.0944,0.96,0.8545,-3.1738,22.3389,lowlightshaky
0,0.2234,0.0593,0.9688,1.2817,-4.4556,12.5732,lowlightshaky
0,0.2415,0.0496,0.9828,-0.7935,1.709,-13.4888,lowlightshaky
0,0.2378,0.0538,0.9727,-1.4038,1.77,-12.7563,lowlightshaky
0,0.243,0.0527,0.9791,0.061,-1.4648,1.709,lowlightshaky
0,0.2448,0.0431,0.9717,0.3662,1.0376,20.6299,lowlightshaky
0,0.2449,0.0551,0.9757,-0.3052,-0.061,-19.4092,lowlightshaky
0,0.2426,0.0461,0.9757,0.1221,-1.8311,-0.4272,lowlightshaky
0,0.2473,0.0635,0.9677,0.1831,-1.2817,3.1738,lowlightshaky
0,0.2372,0.0388,0.9751,-0.1221,0.5493,9.2163,lowlightshaky
0,0.2148,0.1619,0.9574,-0.061,1.77,26.7944,lowlightshaky
0,0.2455,0.0743,0.9761,1.8311,-5.8594,5.0659,lowlightshaky
0,0.2024,0.0847,1.0092,1.0376,-6.0425,-26.7334,lowlightshaky
0,0.2686,0.0242,0.9995,-0.8545,5.3101,-9.5825,lowlightshaky
0,0.2218,0.0448,0.9771,-0.6714,0.1831,-11.4136,lowlightshaky
0,0.2258,0.0514,0.9702,-0.5493,1.1597,-4.6997,lowlightshaky
0,0.2271,0.0354,0.9697,-0.1831,-0.9155,3.54,lowlightshaky
0,0.275,0.0543,0.9807,0.3052,-1.709,-4.7607,lowlightshaky
0,0.2527,0.0504,0.9716,-1.6479,5.127,1.6479,lowlightshaky
0,0.2013,0.0549,0.9674,1.4038,-5.5542,3.9062,lowlightshaky
0,0.1772,0.0699,0.9761,-0.061,0.3052,-0.9766,lowlightshaky
0,0.2277,0.049,0.965,1.3428,-2.8076,7.8735,lowlightshaky
0,0.1665,0.0471,0.9825,-0.3052,0.4883,-13.1836,lowlightshaky
0,0.1603,0.0857,0.9697,0.5493,-2.3804,10.3149,lowlightshaky
0,0.2977,0.0681,0.9795,1.1597,-2.6245,-6.897,lowlightshaky
0,0.1837,0.058,0.9742,0.9155,-1.0986,4.1504,lowlightshaky
0,0.2694,0.031,0.9592,-1.8921,2.8076,8.7891,lowlightshaky
0,0.2435,0.0576,0.9697,0.3662,-1.8311,-5.0049,lowlightshaky
0,0.1925,0.0548,0.9749,0.6104,-2.0752,-2.4414,lowlightshaky
0,0.1765,0.0837,0.9683,0.9766,-4.1504,0.4272,lowlightshaky
0,0.0591,0.0333,1.0018,-0.1831,0.1221,-0.2441,lowlightstable
0,0.0603,0.0336,1.0012,-0.2441,0.2441,-0.1831,lowlightstable
0,0.0616,0.0358,1.0016,-0.1221,0.1221,-0.1831,lowlightstable
0,0.0603,0.0341,1.002,-0.2441,0.1831,-0.2441,lowlightstable
0,0.0596,0.0332,1.0005,-0.2441,0.2441,-0.1831,lowlightstable
0,0.0605,0.0332,1.0013,-0.2441,0.1831,-0.2441,lowlightstable
0,0.0605,0.0328,1.002,-0.2441,0.1831,-0.1831,lowlightstable
0,0.0603,0.0328,1.0015,-0.1831,0.1831,-0.2441,lowlightstable
0,0.0603,0.0331,1.0013,-0.2441,0.1221,-0.2441,lowlightstable
0,0.0602,0.0336,1.0016,-0.2441,0.1221,-0.1221,lowlightstable
0,0.0593,0.0336,1.0004,-0.3052,0.1831,-0.2441,lowlightstable
0,0.0605,0.0343,1.0016,-0.1831,0.1221,-0.1831,lowlightstable
0,0.0607,0.0333,1.0021,-0.2441,0.1831,-0.1831,lowlightstable
0,0.0604,0.0334,1.0023,-0.1831,0.1831,-0.1831,lowlightstable
0,0.0603,0.0341,1.0022,-0.3052,0.1221,-0.1831,lowlightstable
0,0.0599,0.0337,1.0017,-0.2441,0.1831,-0.1831,lowlightstable
0,0.0601,0.0339,1.0023,-0.2441,0.061,-0.1221,lowlightstable
0,0.0605,0.0343,1.0015,-0.1831,0.1831,-0.1831,lowlightstable
0,0.0603,0.0345,1.002,-0.2441,0.1221,-0.2441,lowlightstable
0,0.0609,0.0345,1.0016,-0.2441,0.1221,-0.1831,lowlightstable
0,0.0605,0.0341,1.0018,-0.2441,0.1831,-0.1831,lowlightstable
0,0.0604,0.0336,1.0023,-0.1221,0.1221,-0.1831,lowlightstable
0,0.0596,0.0342,1.001,-0.3052,0.1831,-0.1221,lowlightstable
0,0.0602,0.0348,1.0023,-0.3052,0.1831,-0.2441,lowlightstable
0,0.0597,0.0345,1.0017,-0.1831,0.1831,-0.2441,lowlightstable
0,0.0602,0.0336,1.0011,-0.2441,0.1221,-0.1221,lowlightstable
0,0.0605,0.0338,1.0017,-0.2441,0.1831,-0.2441,lowlightstable
0,0.0608,0.0332,1.0024,-0.1831,0.061,-0.1831,lowlightstable
0,0.0605,0.0338,1.0027,-0.1221,0.1221,-0.1221,lowlightstable
0,0.059,0.0331,1.0021,-0.2441,0.1221,-0.2441,lowlightstable
0,0.0599,0.0332,1.0029,-0.2441,0.1221,-0.1831,lowlightstable
0,0.0597,0.0341,1.0007,-0.2441,0.1221,-0.1831,lowlightstable
0,0.0599,0.0345,1.0011,-0.2441,0.1221,-0.2441,lowlightstable
0,0.0594,0.0334,1.0024,-0.3052,0.1831,-0.2441,lowlightstable
0,0.0608,0.0349,1.0011,-0.2441,0.1221,-0.1831,lowlightstable
0,0.0601,0.0339,1.0012,-0.3052,0.1221,-0.2441,lowlightstable
0,0.0607,0.0353,1.0024,-0.2441,0.1831,-0.1221,lowlightstable
0,0.0604,0.035,1.0005,-0.2441,0.1221,-0.1831,lowlightstable
0,0.0583,0.033,1.002,-0.2441,0.1831,-0.1831,lowlightstable
0,0.0593,0.036,1.0024,-0.1831,0.1221,-0.1831,lowlightstable
0,0.0587,0.0337,1.001,-0.2441,0.1221,-0.2441,lowlightstable
0,0.0607,0.0344,1.0026,-0.1831,0.1221,-0.1221,lowlightstable
0,0.059,0.0336,1.0017,-0.2441,0.1221,-0.1831,lowlightstable
0,0.0605,0.0348,1.0026,-0.1831,0.1831,-0.2441,lowlightstable
0,0.0614,0.0349,1.0007,-0.2441,0.1831,-0.1831,lowlightstable
0,0.0599,0.0342,1.0016,-0.2441,0.1831,-0.1831,lowlightstable
0,0.0605,0.0354,1.0012,-0.2441,0.1221,-0.1831,lowlightstable
0,0.0613,0.0342,1.0007,-0.2441,0.1831,-0.1831,lowlightstable
0,0.0623,0.0339,1.0022,-0.1831,0.1221,-0.1831,lowlightstable
0,0.061,0.0343,1.0016,-0.3052,0.1831,-0.3052,lowlightstable
0,0.0605,0.0332,1.0016,-0.2441,0.1221,-0.1831,lowlightstable
0,0.0604,0.0333,1.002,-0.2441,0.1831,-0.2441,lowlightstable
0,0.0604,0.0337,1.002,-0.1831,0.1831,-0.1221,lowlightstable
0,0.0603,0.0348,1.0018,-0.2441,0.1221,-0.1831,lowlightstable
0,0.0591,0.0336,1.0018,-0.2441,0.1831,-0.1831,lowlightstable
0,0.0603,0.0338,1.0011,-0.2441,0.1831,-0.1831,lowlightstable
0,0.0592,0.0341,1.0029,-0.2441,0.1831,-0.1831,lowlightstable
0,0.0596,0.0341,1.0011,-0.2441,0.1221,-0.2441,lowlightstable
0,0.0607,0.0344,1.0017,-0.2441,0.1831,-0.1831,lowlightstable
0,0.0598,0.035,1.0018,-0.1831,0.1831,-0.1831,lowlightstable
0,0.0599,0.0348,1.0002,-0.2441,0.1831,-0.2441,lowlightstable
0,0.0612,0.0354,1.0013,-0.2441,0.061,-0.1831,lowlightstable
0,0.0602,0.0322,1.0024,-0.2441,0.1221,-0.1831,lowlightstable
0,0.0598,0.0337,1.0017,-0.2441,0.1831,-0.1831,lowlightstable
0,0.0601,0.0338,1.0018,-0.2441,0.1831,-0.1221,lowlightstable
0,0.061,0.0339,1.0018,-0.1831,0.2441,-0.2441,lowlightstable
0,0.0607,0.0348,1.0023,-0.2441,0.1831,-0.1831,lowlightstable
0,0.0603,0.0344,1.0011,-0.2441,0.1831,-0.1831,lowlightstable
0,0.0615,0.0353,1.0028,-0.2441,0.1221,-0.1831,lowlightstable
0,0.0612,0.0345,1.001,-0.2441,0.1831,-0.1831,lowlightstable
0,0.0607,0.0347,1.0012,-0.3052,0.1831,-0.2441,lowlightstable
0,0.0607,0.0343,1.0011,-0.2441,0.1831,-0.1831,lowlightstable
0,0.0603,0.0338,1.0009,-0.1831,0.1221,-0.1831,lowlightstable
0,0.0603,0.0345,1.0013,-0.2441,0.1221,-0.2441,lowlightstable
0,0.0604,0.0344,1.0007,-0.1831,0.1831,-0.1831,lowlightstable
0,0.0613,0.0352,1.0031,-0.1831,0.1221,-0.2441,lowlightstable
0,0.0602,0.0345,1.0012,-0.3052,0.1221,-0.2441,lowlightstable
0,0.0603,0.0345,1.0021,-0.1831,0.1221,-0.1221,lowlightstable
0,0.0604,0.0334,1.0026,-0.2441,0.1831,-0.2441,lowlightstable
0,0.0612,0.0339,1.002,-0.1831,0.061,-0.1221,lowlightstable
0,0.0603,0.0344,1.0011,-0.1831,0.1831,-0.1221,lowlightstable
0,0.0598,0.0344,1.0007,-0.2441,0.1221,-0.1221,lowlightstable
0,0.0605,0.0338,1.0029,-0.2441,0.2441,-0.1831,lowlightstable
0,0.0609,0.0333,1.0026,-0.3052,0.1221,-0.1831,lowlightstable
0,0.0599,0.0342,1.0022,-0.2441,0.2441,-0.2441,lowlightstable
0,0.0605,0.0343,1.0018,-0.2441,0.1221,-0.1831,lowlightstable
0,0.0591,0.0332,1.0024,-0.1831,0.1831,-0.1831,lowlightstable
0,0.0612,0.0341,1.0013,-0.2441,0.1221,-0.1831,lowlightstable
0,0.0601,0.0331,1.0006,-0.2441,0.1831,-0.1831,lowlightstable
0,0.0603,0.0333,1.0016,-0.1831,0.1221,-0.2441,lowlightstable
0,0.0613,0.0345,1.0001,-0.3052,0.1831,-0.1831,lowlightstable
0,0.0597,0.0345,1.0016,-0.1831,0.1221,-0.1221,lowlightstable
0,0.0604,0.035,1.0023,-0.1831,0.2441,-0.1831,lowlightstable
0,0.0602,0.0349,1.0017,-0.1831,0.1831,-0.2441,lowlightstable
0,0.0607,0.0327,1.0032,-0.1831,0.1831,-0.1831,lowlightstable
0,0.0602,0.0332,1.0033,-0.3052,0.1831,-0.1831,lowlightstable
0,0.0598,0.0338,1.002,-0.2441,0.1221,-0.2441,lowlightstable
0,0.0597,0.0333,1.0015,-0.2441,0.1831,-0.1831,lowlightstable
0,0.0604,0.0331,1.0017,-0.1831,0.1831,-0.2441,lowlightstable
0,0.0598,0.0337,1.0007,-0.2441,0.061,-0.1831,lowlightstable
0,0.0605,0.0342,1.001,-0.1831,0.1831,-0.2441,lowlightstable
0,0.0598,0.0342,1.0009,-0.3052,0.1831,-0.1831,lowlightstable
0,0.061,0.0343,1.0026,-0.2441,0.1831,-0.1831,lowlightstable
0,0.0607,0.0355,1.0027,-0.3052,0.061,-0.1221,lowlightstable
0,0.0616,0.0342,1.0018,-0.2441,0.1831,-0.2441,lowlightstable
0,0.0609,0.0348,1.0029,-0.2441,0.1221,-0.2441,lowlightstable
0,0.0608,0.0336,1.0012,-0.2441,0.1831,-0.1831,lowlightstable
0,0.0603,0.0339,1.0017,-0.2441,0.1221,-0.1831,lowlightstable
0,0.0602,0.0338,1.0027,-0.1831,0.1221,-0.1831,lowlightstable
0,0.0599,0.0334,1.0012,-0.2441,0.061,-0.1831,lowlightstable
0,0.0612,0.0332,1.002,-0.2441,0.1831,-0.1831,lowlightstable
0,0.0607,0.0341,1.0023,-0.1831,0.1831,-0.1831,lowlightstable
0,0.0604,0.0344,1.0024,-0.2441,0.1831,-0.2441,lowlightstable
0,0.0607,0.0336,1.0016,-0.2441,0.061,-0.1831,lowlightstable
0,0.0605,0.0333,1.001,-0.2441,0.1221,-0.2441,lowlightstable
0,0.0609,0.0338,1.0017,-0.2441,0.1221,-0.2441,lowlightstable
0,0.061,0.0339,1.0037,-0.2441,0.1221,-0.1831,lowlightstable
0,0.0605,0.0347,1.0012,-0.2441,0.2441,-0.2441,lowlightstable
0,0.0605,0.0342,1.0028,-0.1221,0.1831,-0.2441,lowlightstable
0,0.0599,0.0336,1.001,-0.1831,0.1831,-0.1831,lowlightstable
0,0.0615,0.0338,1.0018,-0.3052,0.1831,-0.1221,lowlightstable
0,0.061,0.0349,1.0018,-0.2441,0.1221,-0.1221,lowlightstable
0,0.0597,0.0338,1.0018,-0.2441,0.1221,-0.1831,lowlightstable
0,0.0614,0.0337,1.0017,-0.3052,0.061,-0.1831,lowlightstable
0,0.0605,0.0326,1.0027,-0.3052,0.1221,-0.1831,lowlightstable
0,0.0612,0.0333,1.0007,-0.2441,0.1221,-0.1221,lowlightstable
0,0.0594,0.0349,1.0018,-0.3662,0.1831,-0.2441,lowlightstable
0,0.061,0.0341,1.0023,-0.1831,0.1221,-0.1221,lowlightstable
0,0.061,0.0339,1.0027,-0.2441,0.2441,-0.2441,lowlightstable
0,0.0604,0.0344,1.0013,-0.3052,0.1831,-0.1831,lowlightstable
0,0.0598,0.0338,1.0001,-0.2441,0.1831,-0.2441,lowlightstable
0,0.061,0.0339,1.0012,-0.2441,0.1831,-0.1831,lowlightstable
0,0.0613,0.0341,1.0028,-0.3052,0.1831,-0.1831,lowlightstable
0,0.0603,0.0338,1.0021,-0.2441,0.1831,-0.1831,lowlightstable
0,0.0608,0.0341,1.0016,-0.1831,0.1221,-0.1831,lowlightstable
0,0.0602,0.0332,1.0028,-0.1831,0.1221,-0.1221,lowlightstable
0,0.0601,0.0347,1.0024,-0.2441,0.1831,-0.1831,lowlightstable
0,0.0601,0.0337,1.0013,-0.1831,0.1221,-0.1831,lowlightstable
0,0.0608,0.0333,1.0011,-0.1831,0.1221,-0.1221,lowlightstable
0,0.0609,0.035,1.0021,-0.2441,0.1831,-0.1831,lowlightstable
0,0.0603,0.0336,1.0021,-0.1831,0.1831,-0.1831,lowlightstable
0,0.0607,0.0332,1.002,-0.1831,0.1831,-0.1831,lowlightstable
0,0.0598,0.0337,1.0016,-0.1831,0.1831,-0.2441,lowlightstable
0,0.0612,0.0348,1.0017,-0.2441,0.2441,-0.1221,lowlightstable
0,0.0608,0.0347,1.0017,-0.2441,0.1831,-0.2441,lowlightstable
0,0.0599,0.0337,1.0009,-0.3052,0.1831,-0.2441,lowlightstable
0,0.0601,0.0348,1.0016,-0.2441,0.1831,-0.1831,lowlightstable
0,0.0613,0.0334,1.0016,-0.2441,0.1831,-0.2441,lowlightstable
0,0.0609,0.0336,1.0011,-0.1831,0.1221,-0.2441,lowlightstable
0,0.061,0.0342,1.0015,-0.1831,0.1831,-0.1831,lowlightstable
0,0.0612,0.0353,1.0012,-0.2441,0.1831,-0.1221,lowlightstable
0,0.0604,0.0345,1.0016,-0.3052,0.1831,-0.1831,lowlightstable
0,0.0604,0.0344,1.0017,-0.2441,0.1831,-0.1831,lowlightstable
0,0.0616,0.0331,1.0013,-0.2441,0.1831,-0.3052,lowlightstable
0,0.0605,0.0349,1.0018,-0.2441,0.1221,-0.1831,lowlightstable
0,0.0614,0.0337,1.0016,-0.1831,0.1831,-0.1831,lowlightstable
0,0.0607,0.0342,1.0001,-0.1831,0.1831,-0.1831,lowlightstable
0,0.0613,0.0344,1.0016,-0.3052,0.1831,-0.1831,lowlightstable
0,0.0613,0.0343,1.0013,-0.3052,0.1831,-0.2441,lowlightstable
0,0.0603,0.0347,1.0015,-0.1831,0.1831,-0.2441,lowlightstable
0,0.0607,0.0333,1.0022,-0.2441,0.1831,-0.1831,lowlightstable
0,0.0586,0.0332,1.0026,-0.1831,0.1221,-0.1221,lowlightstable
0,0.0607,0.0332,1.0023,-0.2441,0.1221,-0.1831,lowlightstable
0,0.0602,0.0341,1.0026,-0.2441,0.1831,-0.1831,lowlightstable
0,0.0607,0.035,1.0023,-0.1221,0.1831,-0.1221,lowlightstable
0,0.0615,0.0349,1.0006,-0.3052,0.1221,-0.2441,lowlightstable
0,0.0607,0.0338,1.0011,-0.3052,0.1221,-0.1831,lowlightstable
0,0.0608,0.0353,1.001,-0.1831,0.1831,-0.2441,lowlightstable
0,0.0591,0.0353,1.0015,-0.1831,0.1831,-0.1831,lowlightstable
0,0.0616,0.0345,1.001,-0.2441,0.1221,-0.1831,lowlightstable
0,0.0603,0.0332,1.0012,-0.2441,0.1221,-0.1831,lowlightstable
0,0.0605,0.0344,1.002,-0.2441,0.1221,-0.1221,lowlightstable
0,0.0602,0.0343,1.0006,-0.1831,0.1221,-0.1831,lowlightstable
0,0.0605,0.0347,1.0015,-0.2441,0.1831,-0.1831,lowlightstable
0,0.061,0.0341,1.0016,-0.1831,0.1831,-0.1221,lowlightstable
0,0.0604,0.0333,1.002,-0.3052,0.1221,-0.2441,lowlightstable
0,0.0615,0.0347,1.0017,-0.1831,0.1221,-0.1831,lowlightstable
0,0.0609,0.0334,1.0021,-0.2441,0.1221,-0.1831,lowlightstable
0,0.0616,0.0338,1.0027,-0.1831,0.1221,-0.2441,lowlightstable
0,0.0603,0.0327,1.0021,-0.2441,0.1831,-0.1831,lowlightstable
0,0.0601,0.0338,1.0018,-0.2441,0.1221,-0.1221,lowlightstable
0,0.061,0.0338,1.0012,-0.2441,0.1221,-0.1831,lowlightstable
0,0.0604,0.0349,1.0024,-0.2441,0.1831,-0.1221,lowlightstable
0,0.0605,0.0338,1.0011,-0.2441,0.1831,-0.2441,lowlightstable
0,0.0601,0.0338,1.0027,-0.3052,0.1831,-0.2441,lowlightstable
0,0.0608,0.0338,1.001,-0.1831,0.1831,-0.1831,lowlightstable
0,0.0605,0.0337,1.0028,-0.1831,0.1831,-0.1831,lowlightstable
0,0.0601,0.035,1.0007,-0.1831,0.1221,-0.2441,lowlightstable
0,0.0607,0.0347,1.0023,-0.3052,0.2441,-0.2441,lowlightstable
0,0.0592,0.0347,1.0011,-0.2441,0.1831,-0.1831,lowlightstable
0,0.0607,0.0339,1.0024,-0.2441,0.061,-0.1831,lowlightstable
0,0.0602,0.0341,1.0013,-0.2441,0.1221,-0.1831,lowlightstable
0,0.0598,0.0343,1.0012,-0.1831,0.1221,-0.1831,lowlightstable
0,0.0605,0.0342,1.0028,-0.2441,0.1831,-0.1831,lowlightstable
0,0.0607,0.033,1.0012,-0.2441,0.1831,-0.1831,lowlightstable
0,0.0609,0.0348,1.001,-0.1831,0.1221,-0.1831,lowlightstable
0,0.0596,0.0336,1.0013,-0.2441,0.1221,-0.2441,lowlightstable
0,0.0613,0.0349,1.0035,-0.2441,0.1221,-0.2441,lowlightstable
0,0.0605,0.0347,1.0011,-0.2441,0.1831,-0.1831,lowlightstable
0,0.0598,0.0345,1.0031,-0.3052,0.1221,-0.1831,lowlightstable
0,0.0609,0.0348,1.0023,-0.1831,0.1221,-0.1221,lowlightstable
0,0.0612,0.0332,1.0011,-0.1831,0.1221,-0.1221,lowlightstable
0,0.0612,0.0338,1.0017,-0.1831,0.1221,-0.2441,lowlightstable
0,0.0604,0.0344,1.0012,-0.2441,0.1831,-0.1831,lowlightstable
0,0.0607,0.0337,1.0017,-0.1831,0.1831,-0.2441,lowlightstable
0,0.0601,0.0337,1.0017,-0.1831,0.061,-0.1831,lowlightstable
0,0.0613,0.0343,1.0026,-0.2441,0.1831,-0.1831,lowlightstable
0,0.0602,0.0337,1.0023,-0.1831,0.1831,-0.2441,lowlightstable
0,0.0603,0.0341,1.0023,-0.1831,0.1221,-0.1221,lowlightstable
0,0.0603,0.0338,1.0022,-0.3052,0.1831,-0.2441,lowlightstable
0,0.0602,0.0349,1.0026,-0.1221,0.1831,-0.1831,lowlightstable
0,0.0604,0.0327,1.0022,-0.3052,0.1221,-0.1831,lowlightstable
0,0.0599,0.0327,1.0029,-0.3052,0.1831,-0.1831,lowlightstable
0,0.0601,0.0333,1.0012,-0.2441,0.1221,-0.1831,lowlightstable
0,0.0609,0.0338,0.9999,-0.2441,0.1831,-0.1831,lowlightstable
0,0.0609,0.0342,1.0017,-0.2441,0.1831,-0.2441,lowlightstable
0,0.0608,0.0343,1.0024,-0.1831,0.1221,-0.1831,lowlightstable
0,0.0607,0.0341,1.0022,-0.1831,0.2441,-0.1221,lowlightstable
0,0.0602,0.0352,1.0015,-0.1831,0.1221,-0.1831,lowlightstable
0,0.0597,0.0344,1.0013,-0.1831,0.1831,-0.1831,lowlightstable
0,0.0601,0.0328,1.0022,-0.2441,0.1221,-0.1831,lowlightstable
0,0.0613,0.0339,1.0013,-0.3052,0.1221,-0.1831,lowlightstable
0,0.0603,0.0331,1.0023,-0.2441,0.1221,-0.1831,lowlightstable
0,0.0612,0.0353,1.0001,-0.2441,0.1831,-0.1831,lowlightstable
0,0.0603,0.0349,1.0018,-0.2441,0.1831,-0.2441,lowlightstable
0,0.061,0.0343,1.0021,-0.1831,0.1221,-0.1831,lowlightstable
0,0.0605,0.0345,1.0024,-0.2441,0.1831,-0.2441,lowlightstable
0,0.0607,0.0347,1.0015,-0.3052,0.061,-0.1831,lowlightstable
0,0.0608,0.0336,1.0015,-0.2441,0.1221,-0.1831,lowlightstable
0,0.0608,0.0342,1.0011,-0.2441,0.1831,-0.1831,lowlightstable
0,0.0598,0.0333,1.0002,-0.2441,0.1831,-0.1831,lowlightstable
0,0.0604,0.0334,1.001,-0.2441,0.2441,-0.1831,lowlightstable
0,0.0603,0.0343,1.0012,-0.2441,0.1831,-0.1831,lowlightstable
0,0.0612,0.0353,1.002,-0.2441,0.1221,-0.1831,lowlightstable
0,0.0597,0.0328,1.0018,-0.2441,0.061,-0.1221,lowlightstable
0,0.0614,0.0342,1.0022,-0.2441,0.1221,-0.1831,lowlightstable
0,0.0607,0.0337,1.0015,-0.2441,0.1221,-0.1831,lowlightstable
0,0.0598,0.0344,1.0013,-0.1831,0.1221,-0.1221,lowlightstable
0,0.0605,0.0343,1.0002,-0.2441,0.1221,-0.1221,lowlightstable
0,0.0618,0.0342,1.0018,-0.1831,0.1831,-0.1831,lowlightstable
0,0.0604,0.0334,1.001,-0.1831,0.1221,-0.1221,lowlightstable
0,0.0603,0.0343,1.0017,-0.2441,0.1221,-0.1221,lowlightstable
0,0.0602,0.0336,1.0022,-0.3052,0.1831,-0.1831,lowlightstable
0,0.0607,0.0342,1.0016,-0.2441,0.1221,-0.2441,lowlightstable
0,0.0608,0.0345,1.0018,-0.1221,0.1221,-0.1831,lowlightstable
0,0.0599,0.0338,1.0013,-0.2441,0.2441,-0.2441,lowlightstable
0,0.0599,0.0339,1.0035,-0.2441,0.1831,-0.2441,lowlightstable
0,0.0609,0.035,1.0012,-0.3052,0.1831,-0.1831,lowlightstable
0,0.0604,0.0343,1.0023,-0.2441,0.1221,-0.1831,lowlightstable
0,0.0607,0.035,1.0018,-0.1831,0.061,-0.1831,lowlightstable
0,0.0605,0.0345,1.0016,-0.1831,0.1831,-0.2441,lowlightstable
0,0.0605,0.0343,1.0011,-0.3052,0.1831,-0.1831,lowlightstable
0,0.0609,0.0356,1.0028,-0.2441,0.1221,-0.1831,lowlightstable
0,0.0607,0.0339,1.0016,-0.2441,0.1831,-0.2441,lowlightstable
0,0.0608,0.0342,1.0017,-0.1831,0.1221,-0.1831,lowlightstable
0,0.0602,0.0334,1.0018,-0.1831,0.1831,-0.1831,lowlightstable
0,0.0599,0.0342,1.0024,-0.1831,0.1221,-0.1831,lowlightstable
